RO;HU
Memoárok, naplók;Életrajzok, Memoárok, Naplók
Angol nyelvű könyvek;Idegen Nyelvű Könyvek
Román irodalom;Román Irodalom
Szociológia;Társadalomtudományok
Szépirodalom idegen nyelveken;Szépirodalom idegen nyelveken
Ortodox könyvek;Vallás
A románok történelme;Román Történelem
Szerelmes regények;Szépirodalom
Kortárs irodalom;Kortárs Irodalom
Pszichológia;Pszichológia
Orvostudomány;Orvostudomány
Világirodalom;Világirodalom
Sci-Fi & Fantasy;Sci-Fi & Fantasy
Gasztronómia;Gasztronómia
Alternatív terápiák;Alternatív Terápiák
Thriller könyvek;Thriller
Italok;Italok
Történelem;Történelem
Segédgyűjtemények;Tudományos Segédanyagok
Mágia;Vallás, Mágia
Építészet;Építészet
Atlaszok;Atlaszok
Irodalomkritika;Irodalomkritika
Világtörténelem;Világtörténelem
Gyakorlati könyvek gyerekeknek;Gyerekek, Oktatás
Diéták;Diéták
Lelki fejlődés;Lelki Fejlődés, Személyiségfejlesztés
Általános műveltség;Tudományos Ismeretterjesztés
Civilizációk, mitológia;Mitológia, Civilizációk
Növények, kertészet;Kertészet, Növények
Költészet;Költészet
Óvodai könyvek;Gyerekek
Oktatási könyvek;Oktatás
Filológia;Nyelvészet
Művészet;Művészetek
Gyermekkönyvek idegen nyelveken;Gyerekek, Idegen Nyelvű Könyvek
Mesék;Gyerekek
Orvosi könyvek mindenkinek;Orvostudomány
Rajz, zene, film, színház;Művészetek
Életrajzok;Életrajzok, Memoárok
Etnológia;Társadalomtudományok
Atlaszok, enciklopédiák;Atlaszok, Enciklopédiák
Egyetemes filozófia;Filozófia
Állatok, madarak;Állatok, Természet
Kommunikáció, újságírás;Kommunikáció, Média
Amerikai irodalom;Amerikai Irodalom
Pedagógia, módszertan;Oktatás
Mérnöki tudományok;Mérnöki Tudományok
Parapszichológia;Pszichológia, Parapszichológia
Jogi könyvek;Jogi Ismeretek
Jogszabályok;Jogi Ismeretek
Románia albumai;Román Történelem
Kommunikáció, reklám;Kommunikáció, Média
Szakmai fejlődés;Szakmai Fejlődés
Paranormális jelenségek;Vallás, Paranormális
Kereszténység;Vallás
Idegen nyelvű könyvek gyerekeknek;Gyerekek, Idegen Nyelvű Könyvek
Elme és test kapcsolata;Pszichológia, Test és Lélek
Gótikus regények;Szépirodalom, Gótikus Irodalom
Egyéb;Egyéb
Francia nyelvű könyvek;Francia Nyelvű Könyvek
Angol irodalom;Angol Irodalom
Politika;Politika
Nemzetközi kapcsolatok;Politika, Nemzetközi Kapcsolatok
Sport;Sport
Spiritualitás;Vallás, Spiritualitás
Ajándékkönyvek;Ajándékok
Német nyelvű könyvek;Német Nyelvű Könyvek
Japán irodalom;Japán Irodalom
Masszázs, relaxáció;Alternatív Terápiák, Relaxáció
Táplálkozás, egészség;Táplálkozás, Egészség
Titkos történelem;Történelem, Titkos Történelem
Asztrológia;Vallás, Asztrológia
Szexualitás;Életmód, Szexualitás
Gyermekkönyvek;Gyerekek
Publicisztika;Publicisztika
Gyakorlati pszichológia;Pszichológia
Vegyes témák;Vegyes Témák
Olasz nyelvű könyvek;Olasz Nyelvű Könyvek
Lelki fejlődés;Lelki Fejlődés
Szoftverek;Informatika, Szoftverek
Román nyelvű szótárak;Nyelvészet
Versek;Költészet
Román filozófia;Filozófia, Román Filozófia
Novellák;Szépirodalom, Novellák
Kalandregények;Szépirodalom, Kalandregények
Politikai gazdaságtan;Politika, Politikai Gazdaságtan
Genetika, biológia;Tudományok, Biológia
Ifjúsági könyvek;Gyerekek, Ifjúsági Irodalom
Üzletfejlesztés;Üzlet, Fejlesztés
Spanyol nyelvű könyvek;Spanyol Nyelvű Könyvek
Zenei partitúrák;Művészetek, Zene
Életstílus;Életmód
Keleti vallások;Vallás, Keleti Vallások
Klasszikus irodalom;Szépirodalom, Klasszikus Irodalom
11. osztályos tankönyvek;Oktatás, Tankönyvek
1. osztályos tankönyvek;Oktatás, Tankönyvek
Civilizációk;Történelem, Civilizációk
Turisztikai útmutatók;Turizmus
Színház;Művészetek, Színház
Tudomány és filozófia;Tudományok, Filozófia
Fényképezés művészete;Művészetek, Fényképezés
Pszichometriai tesztek;Pszichológia, Tesztelés
Francia irodalom;Francia Irodalom
Praktikus tanácsok;Életmód, Praktikus Tanácsok
Tevékenységeket tartalmazó könyvek;Gyerekek, Tevékenység
Környezeti turizmus;Turizmus
Térképek;Térképek
Barkácsolás;Életmód, Barkácsolás
Fantasy irodalom;Szépirodalom, Fantasy
Kifestők;Gyerekek, Kifestők
9. osztályos tankönyvek;Oktatás, Tankönyvek
Terhesség;Család, Terhesség
Nordic noir regények;Szépirodalom, Nordic Noir
Pénzügyek, bankok;Üzlet, Pénzügyek
Földrajz, topográfia;Tudományok, Földrajz
Esszék;Irodalom, Esszék
Török irodalom;Török Irodalom
Portugál irodalom;Portugál Irodalom
Történelmi regények;Szépirodalom, Történelmi Regények
Oktatás és pszichológia;Oktatás, Pszichológia
Gyerekeknek szóló enciklopédiák;Gyerekek, Enciklopédiák
Chiromantia (karmakönyv);Vallás, Asztrológia
Fantasy regények;Szépirodalom, Fantasy
Menedzsment;Üzlet, Menedzsment
Számvitel;Üzlet, Számvitel
Cseh irodalom;Cseh Irodalom
Idézetek;Irodalom, Idézetek
Folyóiratok;Folyóiratok
Spanyol irodalom;Spanyol Irodalom
Káblás tanok;Vallás, Filozófia
Mesei tanulságok;Gyerekek
Enciklopédiák;Enciklopédiák
Mitológiai és történelmi regények;Szépirodalom, Mitológiai Regények
CD mellékletet tartalmazó könyvek;Zene, Képregények
Hardverek;Informatika, Hardverek
Horror könyvek;Horror
Oktató játékok;Oktatás, Játékok
Lengyel irodalom;Lengyel Irodalom
Humor;Humor
Ortodox tanítások;Vallás, Ortodoxia
Chilei irodalom;Chilei Irodalom
3D könyvek;Technológia, 3D
Osztrák irodalom;Osztályos Irodalom
Előkészítő osztályos tankönyvek;Oktatás
Matricás könyvek;Gyerekek, Matricák
Statisztika;Tudományok, Statisztika
Orosz irodalom;Orosz Irodalom
Szépirodalom;Szépirodalom
Marketing;Üzlet, Marketing
Naplók;Memoárok, Naplók
Kanadai irodalom;Kanadai Irodalom
Német irodalom;Német Irodalom
Naptárak;Ajándékok, Naptárak
Krimi könyvek;Krimi
Nyári szünidei füzetek;Gyerekek, Tanulás
Erotikus könyvek;Szépirodalom, Erotika
Magyar nyelvű könyvek;Magyar Nyelvű Könyvek
Fényképezés;Művészetek, Fényképezés
Holokausztról inspirált regények;Történelem, Holokauszt
Kolumbiai irodalom;Kolumbiai Irodalom
Numerológia;Asztrológia, Numerológia
Személyiségfejlesztés;Személyiségfejlesztés
Ausztrál irodalom;Ausztrál Irodalom
Hangoskönyvek;Hangoskönyvek
Olasz irodalom;Olasz Irodalom
Könyvek;Könyvek
Finn irodalom;Finn Irodalom
Érzelmi intelligencia;Pszichológia, Érzelmi Intelligencia
Tarot kártyák;Vallás, Tarot
Magyar nyelv;Magyar Nyelv
Gyakorlat;Oktatás
Meditatív művészetek;Művészetek, Meditáció
Álmok;Pszichológia, Álmok
Képregények;Képregények
A kapcsolatok pszichológiája;Pszichológia
Közlekedési jogszabályok;Jogi Ismeretek
Könyvjelzők;Ajándékok
Sci-Fi regények;Szépirodalom, Sci-Fi
Üzlet;Üzlet
Szépirodalom;Szépirodalom
Játékos könyvek;Gyerekek
Hangos könyvek;Hangoskönyvek
Élelmiszeripar;Élelmiszeripar
Gyermeknevelés;Család, Gyermeknevelés
Koreai irodalom;Koreai Irodalom
Baba albumok;Család, Baba Albumok
Kétnyelvű könyvek;Idegen Nyelvű Könyvek
Disztópikus regények;Szépirodalom, Disztópikus Irodalom
Általános;Általános
Dizájn;Művészetek, Dizájn
Norvég irodalom;Norvég Irodalom
Dán irodalom;Dán Irodalom
Fogadd el magad;Pszichológia, Személyiségfejlesztés
Argentín irodalom;Argentín Irodalom
Izraeli irodalom;Izraeli Irodalom
Autó-motor;Autó, Motor
Vinyl;Zene, Vinyl
Grafikus regény;Képregények
Holland irodalom;Holland Irodalom
Puzzles;Játékok
Vallás;Vallás
Balett;Művészetek, Balett
Technológia;Technológia
Gasztronómiai művészet;Gasztronómia
Járatok;Utazás
Film;Művészetek, Film
