Category;Category_Std
Antológiák;antologiak
Kortárs;kortars
Vámpírregények;vampirregenyek
Történelmi;tortenelmi
A Monarchia kora;a monarchia kora
Okkultizmus, spiritizmus;okkultizmus spiritizmus
Egyéb;egyeb
Szobrászat;szobraszat
Vallásfilozófia;vallasfilozofia
Állat- és növényvilág;allat es novenyvilag
Tinédzsereknek;tinedzsereknek
Nyelvészet;nyelveszet
Kereszténység;keresztenyseg
Heraldika, családtörténet;heraldika csaladtortenet
Kortárs mesék;kortars mesek
Környezetvédelem, ökológia;kornyezetvedelem okologia
Orvoslástörténet;orvoslastortenet
20. század;20 szazad
6-10 éveseknek;610 eveseknek
Gyermekversek, dalok;gyermekversek dalok
Építőipar;epitoipar
Magyar művelődéstörténet;magyar muvelodestortenet
Gyermeknevelés;gyermekneveles
Pedagógia;pedagogia
Programozás;programozas
Befektetés, vállalkozás;befektetes vallalkozas
Néprajz;neprajz
Régészet;regeszet
A török hódoltság kora;a torok hodoltsag kora
Magyar építészet;magyar epiteszet
Középkor;kozepkor
Hadászat;hadaszat
Őstörténet és honfoglalás;ostortenet es honfoglalas
Határidőnapló;hataridonaplo
Jegyzetfüzet, notesz, toll;jegyzetfuzet notesz toll
Általános;altalanos
Klasszikus mesék;klasszikus mesek
Ajándéktárgyak;ajandektargyak
Jóslás, álomfejtés, tarot;joslas alomfejtes tarot
Játékkártya, társasjáték;jatekkartya tarsasjatek
2023-as naptárak;2023as naptarak
1848-49;184849
Erdély;erdely
Szociológia;szociologia
Angolszász;angolszasz
Metafizika, ismeretelmélet;metafizika ismeretelmelet
Riportkönyv, tényirodalom;riportkonyv tenyirodalom
Internet;internet
Életrajz;eletrajz
Tanulmányok, műelemzések;tanulmanyok muelemzesek
II. világháború;ii vilaghaboru
Esszé;essze
Leporellók, lapozók;leporellok lapozok
Életrajzok;eletrajzok
1956;1956
Nemzetközi gazdaságtan;nemzetkozi gazdasagtan
Egészséges életmód;egeszseges eletmod
Magyarország;magyarorszag
Biológia, egészségtan;biologia egeszsegtan
Menedzsment, vezetési stratégiák;menedzsment vezetesi strategiak
Szobanövények;szobanovenyek
A történelmi Magyarország;a tortenelmi magyarorszag
Judaizmus;judaizmus
Verselemzések, tanulmányok;verselemzesek tanulmanyok
Francia;francia
Prózaelemzések, tanulmányok;prozaelemzesek tanulmanyok
Sonstiges;sonstiges
Deutschland;deutschland
Garten, Pflanzen, Natur;garten pflanzen natur
Tiermedizin;tiermedizin
Lernen;lernen
Unterrichtsmat., Lehrer;unterrichtsmat lehrer
Schulbücher;schulbucher
Allgemeines, Lexika;allgemeines lexika
Kunstgeschichte;kunstgeschichte
Musiktheorie, Musiklehre;musiktheorie musiklehre
VHS, Erwachsenenbildung;vhs erwachsenenbildung
Politikwissenschaft;politikwissenschaft
Auto, Motorrad, Moped;auto motorrad moped
Tiere, Pflanzen, Natur;tiere pflanzen natur
Didaktik, Methodik, Schulpädagogik, Fachdidaktik;didaktik methodik schulpadagogik fachdidaktik
Christentum;christentum
Entspannung, Yoga, Meditation, Autogenes Training;entspannung yoga meditation autogenes training
Sonderpädagogik, Behindertenpädagogik;sonderpadagogik behindertenpadagogik
Biographien, Erinnerungen;biographien erinnerungen
Biographien, Monographien;biographien monographien
Regionalgeschichte;regionalgeschichte
Management;management
Lyrik, Dramatik und Essays;lyrik dramatik und essays
Grenzwissenschaften;grenzwissenschaften
Theater, Ballett, Film, Fernsehen;theater ballett film fernsehen
Politika;politika
Média;media
A Rákosi- és Kádár-korszak;a rakosi es kadarkorszak
Földrajz;foldrajz
Magyarország a két világháború között;magyarorszag a ket vilaghaboru kozott
Vallástörténet;vallastortenet
Álláskeresés, karrierépítés, HR;allaskereses karrierepites hr
A Biblia világa;a biblia vilaga
Jog;jog
Népmesék;nepmesek
Matematika;matematika
Környezetismeret;kornyezetismeret
Budapest;budapest
Újkor;ujkor
Egyetemes művelődéstörténet;egyetemes muvelodestortenet
Romantikus;romantikus
Kommunikáció, tárgyalástechnika;kommunikacio targyalastechnika
Sci-fi;scifi
Klasszikus;klasszikus
Magyar konyha;magyar konyha
Közgazdaság;kozgazdasag
Társadalompolitika;tarsadalompolitika
Humoros;humoros
Kalandregény;kalandregeny
3-6 éveseknek;36 eveseknek
Jelenkori történelem;jelenkori tortenelem
Film és színház;film es szinhaz
Analízis;analizis
Gasztronómiatörténet;gasztronomiatortenet
Krimi;krimi
Levelezés, napló;levelezes naplo
Monográfiák, tanulmányok;monografiak tanulmanyok
Kozmetika, szépség, divat;kozmetika szepseg divat
Műgyűjtés, árverési katalógusok;mugyujtes arveresi katalogusok
Ipar;ipar
Egyéb kiadványok;egyeb kiadvanyok
Fantasy;fantasy
Labdarúgás;labdarugas
Borászat;boraszat
Elméleti közgazdaságtan, közgazdaságtörténet;elmeleti kozgazdasagtan kozgazdasagtortenet
Általános pszichológia;altalanos pszichologia
Operációs rendszer;operacios rendszer
Turista, kerékpáros;turista kerekparos
19. századi;19 szazadi
Afrika;afrika
Logika;logika
Levelezés;levelezes
Iroda és otthon;iroda es otthon
Személyiségpszichológia;szemelyisegpszichologia
Sütemények, édességek;sutemenyek edessegek
Zenetörténet;zenetortenet
Hardver;hardver
Kutya;kutya
Könyvtörténet;konyvtortenet
Összefoglaló;osszefoglalo
Bibliográfia;bibliografia
Állatmesék;allatmesek
Ókor;okor
Terhesség és szülés;terhesseg es szules
Irodalomelmélet;irodalomelmelet
Nemzetgazdaságtan;nemzetgazdasagtan
Őskor és Ókori-kelet;oskor es okorikelet
Pénzügy;penzugy
Fémművesség;femmuvesseg
További városok, megyék;tovabbi varosok megyek
Egyetemes építészet;egyetemes epiteszet
Saláták, zöldségek, fűszerek;salatak zoldsegek fuszerek
Kortárs művészet;kortars muveszet
Hinduizmus;hinduizmus
Zenetudomány;zenetudomany
Szociálpszichológia, társas kapcsolatok;szocialpszichologia tarsas kapcsolatok
Ázsia;azsia
Német;nemet
Egyetemes fotóművészet;egyetemes fotomuveszet
Thriller, horror;thriller horror
Mesegyűjtemények;mesegyujtemenyek
Kreatív hobbi;kreativ hobbi
Szótárak;szotarak
Babakonyha;babakonyha
Autó-motor;automotor
Történelemfilozófia;tortenelemfilozofia
Elbeszélések, novellák;elbeszelesek novellak
Életvitel, technika;eletvitel technika
Etika, politikafilozófia;etika politikafilozofia
Tőzsde;tozsde
Asztrológia;asztrologia
Külkereskedelem;kulkereskedelem
Szakirányú;szakiranyu
Barokk;barokk
Földművelés, növénytermesztés;foldmuveles novenytermesztes
Filozófiatörténet;filozofiatortenet
Grafika;grafika
Európa;europa
Országok;orszagok
18. századi;18 szazadi
A hidegháború kora;a hideghaboru kora
Világirodalom;vilagirodalom
Feng shui;feng shui
Magyar műv. történet;magyar muv tortenet
Wellness, fitness, jóga;wellness fitness joga
Hal- és vadételek;hal es vadetelek
Könnyűzene, jazz;konnyuzene jazz
Genetika, evolúció;genetika evolucio
Magyar irodalom;magyar irodalom
Tudomány és természet;tudomany es termeszet
Orientalisztika;orientalisztika
Tankönyv, segédkönyv;tankonyv segedkonyv
Ajándékkönyv;ajandekkonyv
Egészséges táplálkozás, diétáskönyvek;egeszseges taplalkozas dietaskonyvek
Városok;varosok
Vízisportok;vizisportok
Sport, játék;sport jatek
Értékesítés;ertekesites
Könyvtártörténet;konyvtartortenet
Ezoterikus filozófia;ezoterikus filozofia
Design;design
Magyar;magyar
Történelem;tortenelem
Állattan;allattan
Olimpia;olimpia
Turista, kerékpáros, vízisport;turista kerekparos vizisport
Magyar fotóművészet;magyar fotomuveszet
Italok;italok
Népzene;nepzene
Kézimunka;kezimunka
Irodalom;irodalom
Szexológia;szexologia
Kerti növények;kerti novenyek
Kritikák;kritikak
Módszertani kiadványok;modszertani kiadvanyok
Nyomdaipar;nyomdaipar
Kereskedelem, szolgáltatás;kereskedelem szolgaltatas
Esztétika;esztetika
Mágia, boszorkányság;magia boszorkanysag
Húsételek;husetelek
Csillagászat;csillagaszat
Zene;zene
Fizika;fizika
Kvíz, rejtvény;kviz rejtveny
Középiskola;kozepiskola
Magyar nyelv;magyar nyelv
Monográfiák;monografiak
Képregény;kepregeny
Adózás, könyvvitel;adozas konyvvitel
Keleti tanítások;keleti tanitasok
Téli sportok;teli sportok
Marketing, reklám;marketing reklam
Tudományfilozófia;tudomanyfilozofia
Lovassportok;lovassportok
Nemzetközi konyha;nemzetkozi konyha
További albumok;tovabbi albumok
Növénytan;novenytan
Horgászat;horgaszat
Sajtótörténet;sajtotortenet
Drámaelemzések, tanulmányok;dramaelemzesek tanulmanyok
Tánc;tanc
Túrázás, hegymászás;turazas hegymaszas
Foglalkoztatók;foglalkoztatok
Küzdősportok, harcművészet;kuzdosportok harcmuveszet
Keleti filozófia;keleti filozofia
Meditáció, jóga;meditacio joga
Vadászat;vadaszat
Gyermek;gyermek
Kazetta;kazetta
Nyelvoktató;nyelvoktato
Diafilmek;diafilmek
BOOKR Kids ajándékkártyák;bookr kids ajandekkartyak
Gyógyszerészet;gyogyszereszet
Módszertan;modszertan
Erzählungen;erzahlungen
Lebensführung allgemein;lebensfuhrung allgemein
Judentum;judentum
Übrige Germanische;ubrige germanische
20., 21. Jahrhundert;20 21 jahrhundert
Geschichten, Reime;geschichten reime
Fremdsprachige Wörterbücher;fremdsprachige worterbucher
Gesunde Ernährung;gesunde ernahrung
Lernhilfen, Abiturwissen;lernhilfen abiturwissen
Europa;europa
Elektronik, Elektrotechnik, Nachrichtentechnik;elektronik elektrotechnik nachrichtentechnik
Märchen und Sagen;marchen und sagen
Deutschsprachige;deutschsprachige
Jugendromane u. -erzählungen;jugendromane u erzahlungen
Művészet;muveszet
Ratgeber Gesundheit;ratgeber gesundheit
Fitneß, Aerobic, Bodybuilding, Gymnastik;fitne aerobic bodybuilding gymnastik
Anthroposophie;anthroposophie
Angewandte Psychologie;angewandte psychologie
Apprentissage Aids;apprentissage aids
Short Stories;short stories
Gesunde Küche, Schlanke Küche;gesunde kuche schlanke kuche
Berufsschulbücher;berufsschulbucher
Kreativität;kreativitat
Antike;antike
Deutscher Idealismus, 19. Jh.;deutscher idealismus 19 jh
Tiere, Jagen, Angeln;tiere jagen angeln
Musikalien;musikalien
Lyrik, Dramatik, Essays;lyrik dramatik essays
Labdajátékok;labdajatekok
Albumok;albumok
Gyermekpszichológia;gyermekpszichologia
Ünnepi ételek;unnepi etelek
Mitológia;mitologia
Kiállítási katalógus;kiallitasi katalogus
Általános gyógyászat;altalanos gyogyaszat
Mechanical Engineering;mechanical engineering
Deutsch als Fremdsprache;deutsch als fremdsprache
Music;music
Schoolbooks, Adult Education;schoolbooks adult education
Geschenkbücher;geschenkbucher
Livres Scolaires, Interprétation;livres scolaires interpretation
Astrologie;astrologie
Ballsport;ballsport
Andere Fachgebiete;andere fachgebiete
Praktische Theologie;praktische theologie
Science Fiction und Fantasy;science fiction und fantasy
Sammlerkataloge;sammlerkataloge
20. Jahrhundert;20 jahrhundert
Zoologie;zoologie
Arithmetik, Algebra;arithmetik algebra
Allgemeines;allgemeines
Humor, Cartoons und Comics;humor cartoons und comics
Nutzfahrzeuge;nutzfahrzeuge
Märchen, Sagen und Legenden;marchen sagen und legenden
Bildende Kunst;bildende kunst
Einzelne Psychologen;einzelne psychologen
Soziologie;soziologie
Grundlagen (Methodik, Statistik);grundlagen methodik statistik
Chemische Technik;chemische technik
Bilderbücher;bilderbucher
A Nyugat és köre;a nyugat es kore
Kertépítés, kerti munkák;kertepites kerti munkak
Entspannung, Yoga, Meditation;entspannung yoga meditation
Livres Scolaires Allemandes;livres scolaires allemandes
Allgemeinmedizin, Diagnostik, Therapie;allgemeinmedizin diagnostik therapie
Analysis;analysis
Music supplies, Notes;music supplies notes
Instrumentenunterricht;instrumentenunterricht
Militärfahrzeuge, -flugzeuge, -schiffe;militarfahrzeuge flugzeuge schiffe
German Schoolbooks;german schoolbooks
Construction Engineering, Environmental Engineering;construction engineering environmental engineering
Crime Stories;crime stories
Sachbücher;sachbucher
Kriminalromane;kriminalromane
Lektüren, Interpretationen;lekturen interpretationen
Libros escolares alemanes;libros escolares alemanes
Alternative Medizin, Naturmedizin, Homöopathie;alternative medizin naturmedizin homoopathie
Allg. u. vergl. Sprachwiss.;allg u vergl sprachwiss
Healthy, Slim Cooking;healthy slim cooking
Betriebswirtschaft;betriebswirtschaft
Spielen, Raten;spielen raten
Mittelalter;mittelalter
General;general
Religion, Theologie;religion theologie
Kunst, Musik;kunst musik
Themenkochbücher;themenkochbucher
Allg. Kochbücher, Grundkochbücher;allg kochbucher grundkochbucher
Marketing;marketing
Équipement Music, Partitions;equipement music partitions
Östliche Philosophie;ostliche philosophie
Kortárs regények;kortars regenyek
Further Disciplines;further disciplines
Klassische;klassische
Libros escolares, Lecturas, Interpretaciones;libros escolares lecturas interpretaciones
Medizinische Ratgeber zu Krankheiten;medizinische ratgeber zu krankheiten
Cartoons, Comics;cartoons comics
Esoterik;esoterik
Schoolbooks, Readings, Interpretations;schoolbooks readings interpretations
Musik;musik
Grafológia;grafologia
Zeitgeschichte, Politik (ab 1949);zeitgeschichte politik ab 1949
Science Fiction, Fantasy;science fiction fantasy
Bibelausgaben, Gesangbücher;bibelausgaben gesangbucher
Bau- und Umwelttechnik;bau und umwelttechnik
Erziehungsratgeber;erziehungsratgeber
Allgemeines, Lexika, Handbücher;allgemeines lexika handbucher
Sociología;sociologia
Geometry;geometry
Architektur;architektur
Geschichte, Politik;geschichte politik
Learning Aids;learning aids
Volkswirtschaft;volkswirtschaft
Welt gesamt, Pole;welt gesamt pole
Kindergarten, Vorschulpädagogik;kindergarten vorschulpadagogik
Bildungswesen (Schule, Hochschule);bildungswesen schule hochschule
Modellbau;modellbau
Political Science;political science
First Reading;first reading
Internal Medicine, Surgery;internal medicine surgery
Strafrecht;strafrecht
Neuzeit;neuzeit
German as a Foreign Language;german as a foreign language
Luftfahrt-, Raumfahrttechnik;luftfahrt raumfahrttechnik
Sachbilderbücher;sachbilderbucher
Technik allgemein;technik allgemein
Internationales und ausländ. Recht;internationales und ausland recht
Landwirtschaft, Gartenbau;landwirtschaft gartenbau
Musikgeschichte;musikgeschichte
Economics;economics
Humor, Cartoons, Comics;humor cartoons comics
Sozialpädagogik;sozialpadagogik
Liederbücher, Operntexte, Musik-CDs;liederbucher operntexte musikcds
Recht, Wirtschaft;recht wirtschaft
Pferdesport;pferdesport
Libros escolares, Educación para adultos;libros escolares educacion para adultos
Physics, Astronomy;physics astronomy
Livres Scolaires, Éducation des Adultes;livres scolaires education des adultes
German Teaching Materials;german teaching materials
Fotografía;fotografia
Livres References;livres references
Ficción;ficcion
Grundlagen;grundlagen
Tarot, Lebensdeutung, Orakel;tarot lebensdeutung orakel
Allgemeines, Lexika, Geschichte;allgemeines lexika geschichte
Geisteswissenschaften allgemein;geisteswissenschaften allgemein
Biografien;biografien
Educational Systems;educational systems
Organic Chemistry;organic chemistry
Altertum;altertum
Maschinenbau, Fertigungstechnik;maschinenbau fertigungstechnik
Südamerika;sudamerika
Learning;learning
Publishing, Book Trade, Librarianship;publishing book trade librarianship
Populäre Darstellungen;populare darstellungen
Aprender;aprender
Cuentos de hadas, Derechoendas;cuentos de hadas derechoendas
Informatik;informatik
Sci-fi, fantasy;scifi fantasy
Erstlesealter;erstlesealter
Einzelne Wirtschaftszweige;einzelne wirtschaftszweige
Partnerschaft, Beziehungen;partnerschaft beziehungen
Fiction;fiction
Middle Ages;middle ages
Stochastics, Statistics;stochastics statistics
Verlagswesen;verlagswesen
Ökologie;okologie
Allgemeines Handbücher, Lexika;allgemeines handbucher lexika
Miscellaneous;miscellaneous
20th century;20th century
Gattungen u. Methoden;gattungen u methoden
Erwachsenenbildung;erwachsenenbildung
Baby and Preschool (Fiction);baby and preschool fiction
Handels- und Wirtschaftsrecht, Arbeitsrecht;handels und wirtschaftsrecht arbeitsrecht
Theoretische Psychologie;theoretische psychologie
General, Reference Books;general reference books
Pharmazie, Pharmakologie, Toxikologie;pharmazie pharmakologie toxikologie
Naturwissenschaften, Technik allg.;naturwissenschaften technik allg
Sonstige Sportarten;sonstige sportarten
Renaissance und Aufklärung;renaissance und aufklarung
Getränke;getranke
Krimik;krimik
Geologie;geologie
Basteln, Handarbeiten;basteln handarbeiten
Populäre Schriften;populare schriften
Europe;europe
Photographie;photographie
Christian Religion;christian religion
Theory of Music;theory of music
Peinture, Dessin;peinture dessin
International;international
Populäre Darst.;populare darst
Sozialwissenschaften allgemein;sozialwissenschaften allgemein
Nature;nature
Tarot;tarot
Popular;popular
Länderküchen;landerkuchen
Computer Science;computer science
Mathematics;mathematics
Biochemistry;biochemistry
Nichtchristliche Religionen;nichtchristliche religionen
Astronomie;astronomie
Lyrics, Poetry, Essays, Speeches;lyrics poetry essays speeches
Psychoanalyse;psychoanalyse
Briefe, Bewerbungen, Wiss. Arbeiten, Rhetorik;briefe bewerbungen wiss arbeiten rhetorik
Public Administration;public administration
Naturwissensch., Technik;naturwissensch technik
History and Politics;history and politics
Sociology;sociology
Schiffe;schiffe
Gyermekek és szülők;gyermekek es szulok
Policier et suspence;policier et suspence
Fotografieren, Filmen, Videofilmen;fotografieren filmen videofilmen
Angol nyelvű könyvek;angol nyelvu konyvek
Programming Languages;programming languages
Flugzeuge;flugzeuge
Didactics, Methods;didactics methods
Regional History;regional history
Német nyelvű könyvek;nemet nyelvu konyvek
Non-Fiction;nonfiction
Livres Tournure;livres tournure
Privatrecht, BGB;privatrecht bgb
Sozialarbeit;sozialarbeit
Allemagne;allemagne
Theatre, Ballet, Film;theatre ballet film
General Medicine, Diagnostics, Therapy;general medicine diagnostics therapy
Ball Sports;ball sports
Vor- und Frühgeschichte;vor und fruhgeschichte
Anwendungs-Software;anwendungssoftware
Psychologische Ratgeber;psychologische ratgeber
Kommunikationswissenschaften;kommunikationswissenschaften
Rechtsratgeber;rechtsratgeber
Malen, Zeichnen;malen zeichnen
Wassersport, Segeln;wassersport segeln
Backen;backen
Ciencia ficción, Fantasía;ciencia ficcion fantasia
Allg. Handbücher, Lexika;allg handbucher lexika
Botany;botany
Allg., Nachschlagewerke;allg nachschlagewerke
Letters, Diaries, Biographies;letters diaries biographies
Science, Engineering;science engineering
Social Pedagogy;social pedagogy
Öffentliches Recht;offentliches recht
Technik allg.;technik allg
Song Books, Operas;song books operas
Operating System;operating system
Libros de divulgación;libros de divulgacion
Guidebooks Health;guidebooks health
Didactique, Méthode Sciantifique;didactique methode sciantifique
Leichtathletik, Turnen;leichtathletik turnen
Lexika;lexika
Applied Psychology;applied psychology
Fotografie;fotografie
Spielgesch.;spielgesch
Motor, Bike Sports;motor bike sports
Auto-, Motorrad-, Rad-, Flugsport;auto motorrad rad flugsport
Estudios literarios neolatinos;estudios literarios neolatinos
Zahnmedizin, Mund- und Kieferheilkunde;zahnmedizin mund und kieferheilkunde
Nyelvkönyvek;nyelvkonyvek
Datenkommunikation, Netze, Mailboxen;datenkommunikation netze mailboxen
Réssources Éducatives;ressources educatives
Mensch;mensch
International Law;international law
Botanik;botanik
English Linguistics;english linguistics
Poésie lyric, Essays, Discourses;poesie lyric essays discourses
Ecology;ecology
Kampfsport, Selbstverteidigung;kampfsport selbstverteidigung
Historias de crimen;historias de crimen
Zoology;zoology
Szakkönyvek;szakkonyvek
Romanische;romanische
Beaux-Arts;beauxarts
Angewandte Soziologie;angewandte soziologie
Painting, Drawing;painting drawing
Quiz, Rätsel;quiz ratsel
Werbung, Marketing;werbung marketing
Asien;asien
German Dictionaries, German Encyclopaedia;german dictionaries german encyclopaedia
Musical Instruments, Tuition;musical instruments tuition
Briefe, Bewerbungen, Wiss. Arbeiten, Rhet.;briefe bewerbungen wiss arbeiten rhet
Fine Arts;fine arts
Architecture;architecture
Instruments, Méthodes-Pedagogie;instruments methodespedagogie
Combatant Sports;combatant sports
Basic;basic
Healthy Nutrition;healthy nutrition
Fictionelle;fictionelle
Gyermek- és ifjúsági irodalom;gyermek es ifjusagi irodalom
Physikalische Chemie;physikalische chemie
Märchen, Sagen, Legenden;marchen sagen legenden
Theoretische Physik;theoretische physik
Biographies;biographies
Religion, Philosophie;religion philosophie
Sozialwissenschaften, Recht, Wirtschaft, Steuern;sozialwissenschaften recht wirtschaft steuern
Kunst allgemein;kunst allgemein
Correspondances, Mémoires, Biographies;correspondances memoires biographies
Wahrscheinlichkeitstheorie;wahrscheinlichkeitstheorie
Variados;variados
Ayuda para aprender;ayuda para aprender
Reiseberichte, Reiseerzählungen;reiseberichte reiseerzahlungen
Alemania;alemania
Instrumentenkunde;instrumentenkunde
Applied Theology;applied theology
Proche Orient;proche orient
Geografie;geografie
SF, Fantasy;sf fantasy
Rhymes and Songs;rhymes and songs
Général;general
Divers;divers
North and Central America;north and central america
Történelmi és háborús regények;tortenelmi es haborus regenyek
Germany;germany
Astronomy;astronomy
Africa;africa
Science;science
Relationship;relationship
Wärme-, Energie-, Kraftwerktechnik;warme energie kraftwerktechnik
Sport;sport
Fahrrad;fahrrad
Kinder- und Jugendbücher;kinder und jugendbucher
Design, Interior Design;design interior design
Encyclopaedia General;encyclopaedia general
Naturwissenschaften;naturwissenschaften
Programmiersprachen;programmiersprachen
Populäres;populares
Geschichte;geschichte
Dessins, Comics;dessins comics
History;history
Antique Literary Studies;antique literary studies
History of Art;history of art
Games;games
Umwelt;umwelt
Wirtschaftsratgeber;wirtschaftsratgeber
Cartoons ,Comics;cartoons comics
Handicraft, Handiwork;handicraft handiwork
Special Cooking;special cooking
Software;software
Kunstreiseführer;kunstreisefuhrer
Alternative Medicine, Homeopathy;alternative medicine homeopathy
Presentar la candidatura, Retórica;presentar la candidatura retorica
Humanities;humanities
Organische Chemie;organische chemie
Informatique;informatique
De 0 á 6 ans;de 0 a 6 ans
Ifjúsági irodalom;ifjusagi irodalom
Schienenfahrzeuge;schienenfahrzeuge
Nordamerika;nordamerika
Materiales didácticos;materiales didacticos
Contemporary, Politics;contemporary politics
Cristianismo;cristianismo
Garden, Plants, Nature;garden plants nature
Beverages;beverages
International, Regional Cooking;international regional cooking
Guidebooks;guidebooks
Photography;photography
Guides Général;guides general
Innenarchitektur, Design;innenarchitektur design
Guías;guias
Artisan, Miscellaneous;artisan miscellaneous
Letras, Poesía, Ensayos, Discursos;letras poesia ensayos discursos
Didáctica, Métodos;didactica metodos
Modern Times (before WW I);modern times before ww i
Creativity;creativity
Arts and Music;arts and music
Geology;geology
Kinderbeschäftigung;kinderbeschaftigung
Internet, Data Communication, Networks;internet data communication networks
Libros para nińos;libros para ninos
Phrase Books;phrase books
Humans;humans
Journalism;journalism
Electrical Engineering;electrical engineering
South America;south america
Betriebssysteme, Benutzeroberflächen;betriebssysteme benutzeroberflachen
Further Linguistics;further linguistics
Asia;asia
Deutsche Wörterbücher, Regelwerke;deutsche worterbucher regelwerke
Histoire Regional;histoire regional
Fairy-tales, Legends;fairytales legends
Practical Tips;practical tips
Allg. u. vergl. Sprachwis;allg u vergl sprachwis
Sectors of Industry;sectors of industry
Comercio;comercio
Reference Books;reference books
Gift Books;gift books
Praktische Tipps;praktische tipps
Relaxation, Yoga, Meditation;relaxation yoga meditation
World;world
Esoteric;esoteric
Bildbände;bildbande
Paraspychology, Occultism;paraspychology occultism
Non-Christian Theology;nonchristian theology
Histoire;histoire
Theoretical;theoretical
Administration commerciale;administration commerciale
Law and Economics;law and economics
El alemán como un idioma extranjero;el aleman como un idioma extranjero
Psychologists;psychologists
Théatre, Ballet, Film;theatre ballet film
Miscellaneous, Stationary;miscellaneous stationary
Business Administration;business administration
Bibles, Song Books;bibles song books
Volkskunde;volkskunde
Astrology;astrology
International Economy;international economy
Administración;administracion
20th, 21st Century;20th 21st century
Chemistry;chemistry
Derecho fiscal alemán;derecho fiscal aleman
Hobby, Freizeit, Natur;hobby freizeit natur
Baby or Preschool (Non-Fiction);baby or preschool nonfiction
Travel Literature;travel literature
Baking;baking
Kunst;kunst
Guide de Santé;guide de sante
Handels- und Wirtschaftsrecht, Arbeits- und Soz;handels und wirtschaftsrecht arbeits und soz
Steuern;steuern
Époque moderne;epoque moderne
Jardinage, Nature;jardinage nature
Fairy Tales;fairy tales
German Criminal Law;german criminal law
Geography;geography
Artisanat;artisanat
History of Music;history of music
Basic Cooking;basic cooking
Social Sciences, Law, Economics;social sciences law economics
Politics, Society, Labour;politics society labour
Művelődéstörténet;muvelodestortenet
Job Application, Rhetorik;job application rhetorik
Biblias, cancioneros;biblias cancioneros
Teoria de música;teoria de musica
Antiquity;antiquity
Australia;australia
Farmacología, Toxicología;farmacologia toxicologia
Hotel-, Restaurant-, Campingführer;hotel restaurant campingfuhrer
Derecho internacional;derecho internacional
Environmental Sciences, Ecology;environmental sciences ecology
Children's Books;childrens books
Gesundheit, Körperpflege;gesundheit korperpflege
Inorganic Chemistry;inorganic chemistry
Social Sciences General;social sciences general
Apprendre;apprendre
Biochemie, Biophysik;biochemie biophysik
Travel Guides - General;travel guides  general
Hobby, Recreation, Nature;hobby recreation nature
Prehistory;prehistory
Populaire;populaire
Réligion et Philosopie;religion et philosopie
Química orgánica;quimica organica
Gastronomía;gastronomia
German Civil Law;german civil law
Basics;basics
Biking;biking
Antiques;antiques
Pharmacology, Toxicology;pharmacology toxicology
Telefonbücher, Kursbücher;telefonbucher kursbucher
Travel Guides - Hotels, Restaurants;travel guides  hotels restaurants
Monde;monde
Theoretical Physics;theoretical physics
Karten, Stadtpläne;karten stadtplane
Application du Travail, Rhétorique;application du travail rhetorique
Biografías;biografias
Psychoanalysis;psychoanalysis
Physical Chemistry;physical chemistry
Antiquitäten;antiquitaten
Astrología;astrologia
Chemical Engineering;chemical engineering
Theoretische Chemie;theoretische chemie
Philosophie;philosophie
Médicine, Pharmacie, Disciplines Supplémentaires;medicine pharmacie disciplines supplementaires
Hon- és népismeret;hon es nepismeret
Angol;angol
Művészeti képzés;muveszeti kepzes
Nyelvfilozófia, logika;nyelvfilozofia logika
Kerámia, porcelán;keramia porcelan
Education Science for kinderg. or preschool;education science for kinderg or preschool
Science Politique;science politique
Erdészet;erdeszet
Orosz;orosz
Klasszika-filológia;klasszikafilologia
Mezőgazdaság;mezogazdasag
Gasztronómia;gasztronomia
Olasz;olasz
Haditechnika;haditechnika
Közlekedéstechnika;kozlekedestechnika
I. világháború;i vilaghaboru
Gyerekeknek;gyerekeknek
Útikönyvek, útleírások;utikonyvek utleirasok
Természetismeret;termeszetismeret
Ismeretterjesztő;ismeretterjeszto
Műszaki-technikusi;muszakitechnikusi
Építészeti képzés;epiteszeti kepzes
Nehézipar;nehezipar
Sakk;sakk
Filozófia;filozofia
Balaton;balaton
Fotótechnika;fototechnika
Modern kor;modern kor
Kémia;kemia
Alkalmazott matematika;alkalmazott matematika
Kémia, gyógyszerészet;kemia gyogyszereszet
Szolgáltatás;szolgaltatas
Többnyelvű;tobbnyelvu
Physics, Mechanics, Acoustics;physics mechanics acoustics
Ufológia;ufologia
Dalgyűjtemények, kották;dalgyujtemenyek kottak
Ének, zene;enek zene
Elektronika;elektronika
Quiz;quiz
Afrique;afrique
Közgazdaság, üzlet;kozgazdasag uzlet
Egészségügyi;egeszsegugyi
Könnyűipar;konnyuipar
Társadalomtudomány;tarsadalomtudomany
Űrkutatás;urkutatas
Fotóalbumok;fotoalbumok
Belsőépítészet, lakberendezés;belsoepiteszet lakberendezes
Spanyol;spanyol
Valószínűségszámítás, statisztika;valoszinusegszamitas statisztika
Számvitel, statisztika;szamvitel statisztika
Általános iparművészet;altalanos iparmuveszet
Műszaki tudományok;muszaki tudomanyok
Equestrian Sports;equestrian sports
Environmental Sciences, Agriculture and Forestry;environmental sciences agriculture and forestry
Bellas artes;bellas artes
Természetgyógyászat;termeszetgyogyaszat
Akvarisztika, terrárium;akvarisztika terrarium
Mesekönyvek 3-6 éves korosztály;mesekonyvek 36 eves korosztaly
Arts;arts
Edad antigua;edad antigua
Christianisme;christianisme
Musical Instruments;musical instruments
Non-fiction;nonfiction
Drámák;dramak
Technikatörténet;technikatortenet
Állatorvoslás;allatorvoslas
Ifjúsági ismeretterjesztő;ifjusagi ismeretterjeszto
Buddhizmus;buddhizmus
Erotika;erotika
Állattenyésztés;allattenyesztes
Klasszikus regények;klasszikus regenyek
Atlétika;atletika
Vállalatgazdaságtan;vallalatgazdasagtan
Mesekönyvek 6-10 éves korosztály;mesekonyvek 610 eves korosztaly
Általános sporttörténet, évkönyvek;altalanos sporttortenet evkonyvek
Gyermekeink egészsége;gyermekeink egeszsege
Romantikus regények;romantikus regenyek
Szállítás-hírközlés;szallitashirkozles
Parapsicología, Ocultismo;parapsicologia ocultismo
Fables, Légende;fables legende
Slavic Linguistics;slavic linguistics
Heimwerken, Do it yourself;heimwerken do it yourself
Cuisine Diététique;cuisine dietetique
Thriller;thriller
Útikönyvek;utikonyvek
Informatika;informatika
József Attila;jozsef attila
Egynyelvű;egynyelvu
Opera, operett;opera operett
Ausztrália, Óceánia;ausztralia oceania
Hegedű;hegedu
Ének;enek
Zongora;zongora
Kifestők, foglalkoztatók;kifestok foglalkoztatok
Életmód, egészség;eletmod egeszseg
Complete Editions;complete editions
Extrém sportok;extrem sportok
Geológia;geologia
Közép- és Dél-Amerika;kozep es delamerika
Latin;latin
Neveléstudomány;nevelestudomany
Numizmatika;numizmatika
Művészet, design;muveszet design
Ady Endre;ady endre
Modern művészet;modern muveszet
Állam-, jogtudomány;allam jogtudomany
Természettudomány;termeszettudomany
Oktatói-pedagógia;oktatoipedagogia
Sarkvidékek, tengerek;sarkvidekek tengerek
Beszédjavító;beszedjavito
Gazdaság és jog az EU-ban;gazdasag es jog az euban
Ausztrália;ausztralia
Hangszerek;hangszerek
Embertan;embertan
Ipari képesítések;ipari kepesitesek
Történelmi regények;tortenelmi regenyek
Amerika;amerika
Gazdaság-igazgatás;gazdasagigazgatas
Matematikatörténet, kézikönyvek;matematikatortenet kezikonyvek
Felnőtt színezők;felnott szinezok
Vallás;vallas
Román kor;roman kor
Vegetáriánus;vegetarianus
Lakberendezés, belsőépítészet;lakberendezes belsoepiteszet
Pszichológia;pszichologia
Iskolai;iskolai
Középsúlyos fogy;kozepsulyos fogy
Geometria;geometria
Nyelvtan;nyelvtan
Madarak;madarak
Filozófia, történelem;filozofia tortenelem
Hittankönyv;hittankonyv
Földrajz, földtudomány;foldrajz foldtudomany
Mikrobiológia;mikrobiologia
Kerékpározás;kerekparozas
Kisbabák és kismamák;kisbabak es kismamak
Modellezés;modellezes
Káros szenvedélyek, függőség;karos szenvedelyek fuggoseg
Felvételi, nyelvvizsga;felveteli nyelvvizsga
Gesamtausgaben;gesamtausgaben
Macska;macska
Barkácsolás;barkacsolas
Petőfi Sándor;petofi sandor
Sport, szabadidő;sport szabadido
Dictionaries;dictionaries
Hálózat;halozat
Algebra;algebra
Magyar városok;magyar varosok
Számítástechnika;szamitastechnika
Kártyajátékok;kartyajatekok
Adatbázis;adatbazis
Felsőoktatás;felsooktatas
Biológia;biologia
Gitár;gitar
Harmonika;harmonika
Enyhén értelmi fogy;enyhen ertelmi fogy
Biztonság;biztonsag
Köretek, tészták;koretek tesztak
Rajz, vizuális kultúra;rajz vizualis kultura
Számítástechnikai;szamitastechnikai
Megyetérképek, régiók;megyeterkepek regiok
Divat, textil, szőnyeg;divat textil szonyeg
English Literary Studies;english literary studies
Reneszánsz;reneszansz
Művészettörténet;muveszettortenet
Historizmus;historizmus
Könyvészet;konyveszet
Szexuálpszichológia;szexualpszichologia
Általános iskola;altalanos iskola
Szakmai nyelvkönyvek;szakmai nyelvkonyvek
Technika, életvitel;technika eletvitel
Further Literary Studies;further literary studies
Kötelező olvasmányok;kotelezo olvasmanyok
Médiaismeret;mediaismeret
Ezotéria;ezoteria
Próza;proza
Sajtok, sajt- és tojásételek;sajtok sajt es tojasetelek
Arbeit, Interessenvertretung;arbeit interessenvertretung
Egyetemes festészet;egyetemes festeszet
Történelem, régészet;tortenelem regeszet
Társadalomismeret;tarsadalomismeret
Nyelvtudomány;nyelvtudomany
Vendégvárás, tálalás;vendegvaras talalas
Könnyített olvasmányok;konnyitett olvasmanyok
Őskor és ókor;oskor es okor
Balett, tánc;balett tanc
Siketek;siketek
Főiskola, egyetem;foiskola egyetem
Szakácskönyvek;szakacskonyvek
Ötvösművészet;otvosmuveszet
Versek;versek
Magyar történelem;magyar tortenelem
Iszlám;iszlam
Bélyeggyűjtés;belyeggyujtes
Útleírások;utleirasok
Térképek, atlaszok;terkepek atlaszok
Szépirodalom;szepirodalom
Minikönyv;minikonyv
Szórakoztató irodalom;szorakoztato irodalom
Művelődés;muvelodes
Egyetemes műv.történet;egyetemes muvtortenet
Társadalombiztosítás;tarsadalombiztositas
Bútor, fa;butor fa
Levesek, előételek;levesek eloetelek
Allergia;allergia
Görög művészet;gorog muveszet
Karácsonyi könyvek;karacsonyi konyvek
Kórus;korus
Testépítés;testepites
Gordonka;gordonka
Észak-Amerika;eszakamerika
Művészetek;muveszetek
Etológia;etologia
Világtörténelem;vilagtortenelem
Holland;holland
Szólamanyag;szolamanyag
Szakmai nyelv;szakmai nyelv
Egyéb adathordozók;egyeb adathordozok
Lexikon, enciklopédia;lexikon enciklopedia
Római művészet;romai muveszet
Fuvola;fuvola
Kispartitúra;kispartitura
Őslénytan;oslenytan
Házépítés, felújítás;hazepites felujitas
Ókori filozófia;okori filozofia
18. század előtti;18 szazad elotti
Számelmélet;szamelmelet
Óra;ora
Kétnyelvű könyvek;ketnyelvu konyvek
Mesekönyvek;mesekonyvek
Színművek;szinmuvek
Ifjúsági regények és elbeszélések;ifjusagi regenyek es elbeszelesek
Festészet;festeszet
Klasszicizmus;klasszicizmus
Harsona;harsona
Kenyérsütés, mikrohullámú sütés, római tál, wok;kenyersutes mikrohullamu sutes romai tal wok
Controlling;controlling
Háztartási képzés;haztartasi kepzes
Social Work;social work
Óvoda;ovoda
Gyermekkönyvek;gyermekkonyvek
Virágkötészet, bonsai;viragkoteszet bonsai
Francia nyelvű könyvek;francia nyelvu konyvek
Olasz nyelvű könyvek;olasz nyelvu konyvek
Spanyol nyelvű könyvek;spanyol nyelvu konyvek
Humoros, Szatíra;humoros szatira
Klarinét;klarinet
Fitness, Aerobic, Gymnastics;fitness aerobic gymnastics
Partitúra;partitura
Enciklopédia, lexikon;enciklopedia lexikon
Erotikus;erotikus
Helytörténet;helytortenet
Riport, publicisztika;riport publicisztika
Brácsa;bracsa
Mesék;mesek
Kult;kult
Magyar sorozatok;magyar sorozatok
TV-sorozatok;tvsorozatok
Horror;horror
Ifjúsági;ifjusagi
Klasszikus thriller;klasszikus thriller
Vígjátékok;vigjatekok
Animációs;animacios
Fitness;fitness
Vallási;vallasi
Portugál nyelvű könyvek;portugal nyelvu konyvek
Szerb nyelvű könyvek;szerb nyelvu konyvek
Folklore;folklore
Beethoven;beethoven
Lengyel nyelvű könyvek;lengyel nyelvu konyvek
Irodalomtörténet;irodalomtortenet
Orvostudományok;orvostudomanyok
Nemzetközi előadók;nemzetkozi eloadok
Metal, Hard Rock;metal hard rock
Hazai előadók;hazai eloadok
Pop-rock;poprock
Filmzene;filmzene
Népzene, világzene;nepzene vilagzene
Mese, gyermeklemez;mese gyermeklemez
Kosztümös;kosztumos
Útifilm;utifilm
Zenés filmek;zenes filmek
Dráma;drama
Dokumentum;dokumentum
80' előtt;80 elott
Discovery;discovery
DreamWorks;dreamworks
II. Világháború;ii vilaghaboru
Klasszikus akciófilmek;klasszikus akciofilmek
További filmjeink;tovabbi filmjeink
Űrsci-fi;urscifi
Musical;musical
Életrajzi;eletrajzi
2015 előtt;2015 elott
Gyermek és ifjúsági;gyermek es ifjusagi
Romantikus vígjátékok;romantikus vigjatekok
Kaland;kaland
Gengszter;gengszter
24;24
Zenés;zenes
Filmklasszikusok;filmklasszikusok
Mulatós, magyar nóta;mulatos magyar nota
Meditáció;meditacio
Jazz, blues;jazz blues
Dance;dance
További naptárak;tovabbi naptarak
Vers, próza, kabaré;vers proza kabare
Ifjúsági-és gyermekirodalom;ifjusagies gyermekirodalom
Régi magyar filmek;regi magyar filmek
BBC;bbc
Természet;termeszet
Európai művészfilmek;europai muveszfilmek
Cseh nyelvű könyvek;cseh nyelvu konyvek
Lett nyelvű könyvek;lett nyelvu konyvek
Észt nyelvű könyvek;eszt nyelvu konyvek
Litván nyelvű könyvek;litvan nyelvu konyvek
Szlovák nyelvű könyvek;szlovak nyelvu konyvek
Szandálos filmek;szandalos filmek
Holland nyelvű könyvek;holland nyelvu konyvek
DVD, DVD-ROM;dvd dvdrom
Oktató;oktato
Olvasólámpácskák könyvhöz;olvasolampacskak konyvhoz
Nagyító, flexibilis nagyító;nagyito flexibilis nagyito
e-könyv-olvasók;ekonyvolvasok
2014-es naptárak;2014es naptarak
2016-os naptárak;2016os naptarak
2018-as naptárak;2018as naptarak
Klasszikus romantikus filmek;klasszikus romantikus filmek
Könyvadaptáció;konyvadaptacio
Marvel;marvel
2015 után;2015 utan
Francia vígjátékok;francia vigjatekok
Anime;anime
Fejlesztő;fejleszto
Doktor House;doktor house
Katasztrófafilm;katasztrofafilm
Amerikai western;amerikai western
Egészséges táplákozás, diétáskönyvek;egeszseges taplakozas dietaskonyvek
Művészlapok, festmény, reprodukciók;muveszlapok festmeny reprodukciok
Grafikai lapok;grafikai lapok
Üdvözlőlap, ünnepek;udvozlolap unnepek
Politika, propaganda;politika propaganda
Mai Magyarország;mai magyarorszag
Gótika;gotika
2022-es naptárak;2022es naptarak
Társasjátékok;tarsasjatekok
Háborús filmek;haborus filmek
Postapokaliptikus filmek;postapokaliptikus filmek
2021-es naptárak;2021es naptarak
Asztali naptár;asztali naptar
Elektronikus;elektronikus
Mulatós;mulatos
Magyar filmek;magyar filmek
Egészség és gasztronómia;egeszseg es gasztronomia
Grace klinika;grace klinika
Angol humor;angol humor
90-es;90es
Magyarország története;magyarorszag tortenete
Várandósság és szülés;varandossag es szules
Erotikus filmek;erotikus filmek
Disney;disney
I. Világháború;i vilaghaboru
Kabaré;kabare
Furulya;furulya
Tankönyv családok;tankonyv csaladok
Geometrie;geometrie
Svéd;sved
Üveg;uveg
Medicine, Pharmacy;medicine pharmacy
Ókortudomány;okortudomany
Szecesszió;szecesszio
Mineralogy;mineralogy
Animal Stories;animal stories
Osztályfőnöki;osztalyfonoki
Hobby, Miscellaneous;hobby miscellaneous
Recreational Hunting, Fishing, Animals;recreational hunting fishing animals
Édition Compléte;edition complete
Collectors' Catalogues;collectors catalogues
Játék;jatek
Befőzés, tartósítás;befozes tartositas
Nord- und Mittelamerika;nord und mittelamerika
Middle East;middle east
Meleg és leszbikus;meleg es leszbikus
Őskor;oskor
Hobbi;hobbi
Ezoterika;ezoterika
Mezőgazdasági;mezogazdasagi
1-4 évfolyam;14 evfolyam
Szakmai tankönyvek;szakmai tankonyvek
Drámapedagógia;dramapedagogia
Biografii, memorii, jurnale;biografii memorii jurnale
Publicistica si jurnalism;publicistica si jurnalism
Sociologie, antropologie;sociologie antropologie
Poezie;poezie
Carti ilustrate, interactive;carti ilustrate interactive
Economie;economie
Culinare;culinare
Eseistica;eseistica
Hobby-uri;hobbyuri
Young adult;young adult
Fictiuni, povestioare;fictiuni povestioare
Sanatate, dezvoltare personala;sanatate dezvoltare personala
Istorie generala;istorie generala
Clasici;clasici
Dezvoltare personala;dezvoltare personala
Raftul autorilor români;raftul autorilor romani
Filosofie populara;filosofie populara
Lumea naturii, animale;lumea naturii animale
Dictionare;dictionare
Audiobooks;audiobooks
Romane ilustrate;romane ilustrate
Moderni, contemporani;moderni contemporani
Crestinism;crestinism
Istorie si critica;istorie si critica
Pictura, grafica, alte forme artistice;pictura grafica alte forme artistice
Alte forme de medicina;alte forme de medicina
Inteligenta emotionala;inteligenta emotionala
Enciclopedii;enciclopedii
Piese de teatru, scenarii;piese de teatru scenarii
Minte, corp, spirit;minte corp spirit
Aventura;aventura
Filosofie non-occidentala;filosofie nonoccidentala
Romance;romance
Psihologie;psihologie
Raftul Brand Minds;raftul brand minds
Relatii internationale;relatii internationale
Muzica;muzica
Psihologia varstelor si a sexelor;psihologia varstelor si a sexelor
Proza scurta, altele;proza scurta altele
SF;sf
Istoria filosofiei occidentale;istoria filosofiei occidentale
Carte;carte
Drept civil;drept civil
Estetica;estetica
Psihologia sociala si de grup;psihologia sociala si de grup
Enciclopedii, dictionare, atlase;enciclopedii dictionare atlase
Metafizica si ontologie;metafizica si ontologie
Istorie;istorie
Stima de sine, incredere si motivatie;stima de sine incredere si motivatie
Tehnici de management;tehnici de management
Istoria romanilor;istoria romanilor
Filosofie;filosofie
Istoria stiintei si generalitati;istoria stiintei si generalitati
Fictiune;fictiune
Business;business
Epistemologie, teoria cunoasterii;epistemologie teoria cunoasterii
Casa, gradina, familie;casa gradina familie
Psihologia copilului si dezvoltarii;psihologia copilului si dezvoltarii
Materiale educationale;materiale educationale
Relatia de cuplu;relatia de cuplu
Lifestyle, sport, timp liber;lifestyle sport timp liber
Matematica;matematica
Teorie generala, scoli;teorie generala scoli
Preclinic: anatomie, fiziologie;preclinic anatomie fiziologie
Arta, arhitectura;arta arhitectura
Citit de Scena9;citit de scena9
Arhitectura;arhitectura
Istoria artei;istoria artei
Parenting;parenting
Tehnologie: generalitati;tehnologie generalitati
Fitness si dieta;fitness si dieta
Generalitati, istoria religiilor;generalitati istoria religiilor
Poezii, antologii;poezii antologii
Finante si contabilitate;finante si contabilitate
Drept penal;drept penal
Mindfulness;mindfulness
Eu, ego, identitate, personalitate;eu ego identitate personalitate
Obiceiuri si stil de viata;obiceiuri si stil de viata
Psihoterapie;psihoterapie
Crime, mister;crime mister
Filosofia mintii;filosofia mintii
Psihiatrie, psihologie clinica, terapii;psihiatrie psihologie clinica terapii
Psihologia ocupationala;psihologia ocupationala
Dans, performing arts;dans performing arts
Psihologia cognitiva;psihologia cognitiva
Educatie;educatie
Carti de colorat pentru copii;carti de colorat pentru copii
Istoria Europei;istoria europei
Studii culturale;studii culturale
Calatorii;calatorii
Filosofie social-politica;filosofie socialpolitica
Psihologia familiei;psihologia familiei
Antologii;antologii
Pentru prieteni;pentru prieteni
Istorie universala;istorie universala
Islam;islam
Fictiune mitologica si istorica;fictiune mitologica si istorica
Rafturi alese;rafturi alese
Filosofia limbajului;filosofia limbajului
Arta comerciala si industriala;arta comerciala si industriala
Drept;drept
Benzi desenate;benzi desenate
Numerologie;numerologie
Stiinte sociale. Politica;stiinte sociale politica
Astronomie, spatiu, timp;astronomie spatiu timp
Istorie economica;istorie economica
Inteligenta emotionala copii;inteligenta emotionala copii
In cautarea fericirii;in cautarea fericirii
Despre creier si gandire;despre creier si gandire
Teorie generala, jurisprudenta;teorie generala jurisprudenta
Invatarea limbilor straine;invatarea limbilor straine
Poezie, teatru, studii literare;poezie teatru studii literare
Lingvistica;lingvistica
Medicina complementara;medicina complementara
Pentru copii, adolescenti;pentru copii adolescenti
Drept social;drept social
Drept comercial;drept comercial
Alte reviste;alte reviste
Antreprenoriat;antreprenoriat
Creative writing;creative writing
Cartomantie, alte preziceri;cartomantie alte preziceri
Medicina naturista, ingrijire;medicina naturista ingrijire
Cărți recomandate de Adriana Mitu;carti recomandate de adriana mitu
Gramatica;gramatica
Istorii secrete;istorii secrete
Fictiune erotica;fictiune erotica
Istorie militara, aparare;istorie militara aparare
Familie, sanatate;familie sanatate
Metodologie, testare;metodologie testare
Folk/Country;folkcountry
Legislatia muncii;legislatia muncii
Muzeologie;muzeologie
Teatru;teatru
Criminologie;criminologie
Aspecte generale;aspecte generale
Ghiduri si harti turistice, atlase;ghiduri si harti turistice atlase
Filosofia stiintei;filosofia stiintei
Natura si mediu;natura si mediu
Biologie;biologie
Drept financiar;drept financiar
Alte religii si credinte;alte religii si credinte
Medicina;medicina
Ghiduri si referinte;ghiduri si referinte
Carte straina;carte straina
Navigatie;navigatie
Terapii complementare;terapii complementare
Drept international;drept international
Sport si recreere;sport si recreere
Religie;religie
Neuropsihologie, biopsihologie;neuropsihologie biopsihologie
Obiecte decorative;obiecte decorative
Turism si calatorii;turism si calatorii
Rock;rock
Istoria limbajului;istoria limbajului
Politologie si guvernare;politologie si guvernare
Umor;umor
Dezvoltare personala adolescenti;dezvoltare personala adolescenti
Marketing si comunicare;marketing si comunicare
Comunicare si persuasiune;comunicare si persuasiune
Publicitate si media;publicitate si media
Medicina clinica si interna;medicina clinica si interna
Film, TV, radio;film tv radio
Mediu si ecologie;mediu si ecologie
Psihologia emotiilor;psihologia emotiilor
Clasa a XII-a - Limba si literatura romana;clasa a xiia  limba si literatura romana
Marketing si vanzari;marketing si vanzari
Proprietate intelectuala;proprietate intelectuala
Retele si comunicatii;retele si comunicatii
Folk;folk
Teoria artei;teoria artei
Ocultism si ezoterism;ocultism si ezoterism
Buddhism;buddhism
Ingrijire si asistenta;ingrijire si asistenta
Dreptul familiei;dreptul familiei
Romania;romania
Auto, transport, deplasare;auto transport deplasare
Logica;logica
Medicina sportiva;medicina sportiva
Business si economie;business si economie
Clasa a II-a - Limba si literatura romana;clasa a iia  limba si literatura romana
Design interior;design interior
Istoria mentalitatilor;istoria mentalitatilor
Drept constitutional;drept constitutional
Clasa a III-a - Limba si literatura romana;clasa a iiia  limba si literatura romana
Industria comunicarii;industria comunicarii
Tricouri;tricouri
Sugestii pentru combaterea plictiselii;sugestii pentru combaterea plictiselii
Comics;comics
Bibliografie scolara;bibliografie scolara
Romaneasca;romaneasca
Etica si morala;etica si morala
Fenomene paranormale;fenomene paranormale
Doctrine si partide politice;doctrine si partide politice
Studii interdisciplinare;studii interdisciplinare
Hinduism;hinduism
Psihologia criminalistica si legala;psihologia criminalistica si legala
Lingvistica, dictionare;lingvistica dictionare
Stiintele Pamantului;stiintele pamantului
Inteligenta artificiala;inteligenta artificiala
Fizica;fizica
Jocuri de societate;jocuri de societate
Alte tehnologii;alte tehnologii
Agricultura;agricultura
Dreptul mediului, transport;dreptul mediului transport
Problemele tinerilor;problemele tinerilor
Hobby, jocuri;hobby jocuri
Prima pagina;prima pagina
Tehnici de desen;tehnici de desen
Lifestyle digital;lifestyle digital
Lifestyle, fashion;lifestyle fashion
Aparare nationala;aparare nationala
Iudaism;iudaism
Clasa I - Limba engleza;clasa i  limba engleza
Pop;pop
Relatii publice;relatii publice
Jocuri in limba romana;jocuri in limba romana
Macmillan Education;macmillan education
Auxiliare - Clasa a II-a;auxiliare  clasa a iia
Clasa a VI-a - Geografie;clasa a via  geografie
Stiinte exacte. Matematici;stiinte exacte matematici
Romantici;romantici
Farmacologie;farmacologie
Blues;blues
Programare, dezvoltare;programare dezvoltare
Clasa a XII-a - Limba engleza;clasa a xiia  limba engleza
Lumanari;lumanari
Computere si internet;computere si internet
Raftul The Power of Storytelling;raftul the power of storytelling
Chimie;chimie
Gradinita - Arte vizuale;gradinita  arte vizuale
Limbi straine;limbi straine
Electronica si comunicatii;electronica si comunicatii
Antichitati, colectii;antichitati colectii
Arheologie;arheologie
Semiotica;semiotica
Medicina veterinara;medicina veterinara
Clasa a XI-a - Informatica si TIC;clasa a xia  informatica si tic
Opera;opera
Atlase, harti, referinte geografice;atlase harti referinte geografice
Carti de colorat pentru adulti;carti de colorat pentru adulti
Constructii;constructii
Puzzle pentru copii;puzzle pentru copii
Dance Pop;dance pop
Clasa a V-a - Limba germana;clasa a va  limba germana
Clasa a XI-a - Sociologie;clasa a xia  sociologie
Various Artists;various artists
Solo, instrumentala;solo instrumentala
Electro;electro
Alternative Rock;alternative rock
Tehnica si tehnologie;tehnica si tehnologie
Literatura;literatura
Chirurgie;chirurgie
Gradinita - Stiinte ale naturii;gradinita  stiinte ale naturii
Cambridge University Press;cambridge university press
Jucarii diverse;jucarii diverse
Actiune, aventuri;actiune aventuri
Gradinita - Educatie civica;gradinita  educatie civica
Politica si diplomatie;politica si diplomatie
Stomatologie;stomatologie
Clasa a VI-a - Biologie;clasa a via  biologie
Mecanica si stiinta materialelor;mecanica si stiinta materialelor
Arta;arta
Clasa a II-a - Matematica;clasa a iia  matematica
Raftul Harry Potter;raftul harry potter
Clasa a VIII-a - Limba si literatura romana;clasa a viiia  limba si literatura romana
Drama;drama
Raftul LGBTQI;raftul lgbtqi
Memorii Jurnal;memorii jurnal
Engleza;engleza
Literatura Romana;literatura romana
Sociologie;sociologie
Beletristica Limbi Straine;beletristica limbi straine
Carte Ortodoxa;carte ortodoxa
Istoria Romanilor;istoria romanilor
Romane de dragoste;romane de dragoste
Literatura contemporana;literatura contemporana
Literatura Universala;literatura universala
SF & Fantasy;sf  fantasy
Bucatarie;bucatarie
Terapii Alternative;terapii alternative
Carti thriller;carti thriller
Bauturi;bauturi
Culegeri Auxiliare;culegeri auxiliare
Magie;magie
Atlase;atlase
Litere Critica Literara;litere critica literara
Istorie Universala;istorie universala
Practic Pentru Copii;practic pentru copii
Diete;diete
Dezvoltare Spirituala;dezvoltare spirituala
Cultura Generala;cultura generala
Civilizatii Mitologie;civilizatii mitologie
Plante Gradinarit;plante gradinarit
Carte Prescolara;carte prescolara
Carti educative;carti educative
Litere Filologie;litere filologie
Carti copii in limbi straine;carti copii in limbi straine
Povesti;povesti
Medicina Pentru Toti;medicina pentru toti
Desen Muzica Film Teatru;desen muzica film teatru
Biografii;biografii
Litere Etnologie;litere etnologie
Atlase Enciclopedii;atlase enciclopedii
Filosofie Universala;filosofie universala
Animale Pasari;animale pasari
Comunicare Jurnalism;comunicare jurnalism
Literatura americana;literatura americana
Pedagogie Metodica;pedagogie metodica
Ingineri;ingineri
Parapsihologie;parapsihologie
Carte Juridica;carte juridica
Legislatie;legislatie
Albume Romania;albume romania
Comunicare Publicitate;comunicare publicitate
Dezvoltare Profesionala;dezvoltare profesionala
Paranormal;paranormal
Limbi Straine Copii;limbi straine copii
Minte Corp;minte corp
Romane gotice;romane gotice
Franceza;franceza
Literatura engleza;literatura engleza
Politica;politica
Relatii Internationale;relatii internationale
Spiritualitate;spiritualitate
Carti In Dar;carti in dar
Germana;germana
Literatura japoneza;literatura japoneza
Masaj Relaxare;masaj relaxare
Alimentatie Sanatate;alimentatie sanatate
Istorii Secrete;istorii secrete
Sexualitate;sexualitate
Carti Pentru Copii;carti pentru copii
Publicistica;publicistica
Psihologie Practica;psihologie practica
Diverse;diverse
Italiana;italiana
Dezv Spirituala;dezv spirituala
Dictionare Romana;dictionare romana
Poezii;poezii
Filosofie Romaneasca;filosofie romaneasca
Nuvele;nuvele
Carti de aventura;carti de aventura
Economie Politica;economie politica
Genetica Biologie;genetica biologie
Carti pentru adolescenti;carti pentru adolescenti
Dezvoltarea Afacerilor;dezvoltarea afacerilor
Spaniola;spaniola
Partituri Muzicale;partituri muzicale
Lifestyle;lifestyle
Religii Orientale;religii orientale
Literatura clasica;literatura clasica
Manuale Clasa 11;manuale clasa 11
Manuale Clasa 1;manuale clasa 1
Civilizatii;civilizatii
Ghid Turistic;ghid turistic
Stiinta si filosofie;stiinta si filosofie
Arta Fotografica;arta fotografica
Teste Psihometrice;teste psihometrice
Literatura franceza;literatura franceza
Sfaturi Practice;sfaturi practice
Carti cu activitati;carti cu activitati
Turism Mediu;turism mediu
Harti;harti
Bricolaj;bricolaj
Literatura Fantasy;literatura fantasy
Carti de colorat;carti de colorat
Manuale Clasa 9;manuale clasa 9
Sarcina;sarcina
Romane Nordic Noir;romane nordic noir
Finante Banci;finante banci
Geografie Topografie;geografie topografie
Literatura turca;literatura turca
Literatura portugheza;literatura portugheza
Romane istorice;romane istorice
Educatie Psihologie;educatie psihologie
Enciclopedii Copii;enciclopedii copii
Chiromantie;chiromantie
Romane Fantasy;romane fantasy
Contabilitate;contabilitate
Literatura ceha;literatura ceha
Citate;citate
Reviste;reviste
Literatura spaniola;literatura spaniola
Kabala;kabala
Fabule;fabule
Romane mitologice si istorice;romane mitologice si istorice
Carti cu CD;carti cu cd
Hardware;hardware
Carti horror;carti horror
Carti de joc educative;carti de joc educative
Literatura poloneza;literatura poloneza
Invatatura Ortodoxa;invatatura ortodoxa
Literatura chiliana;literatura chiliana
Carti 3D;carti 3d
Literatura austriaca;literatura austriaca
Clasa Pregatitoare;clasa pregatitoare
Carti cu abtibilduri;carti cu abtibilduri
Statistica;statistica
Literatura rusa;literatura rusa
Jurnale;jurnale
Literatura canadiana;literatura canadiana
Literatura germana;literatura germana
Calendare;calendare
Carti politiste;carti politiste
Caiete de Vacanta;caiete de vacanta
Carti erotice;carti erotice
Carti In Maghiara;carti in maghiara
Romane inspirate de Holocaust;romane inspirate de holocaust
Literatura columbiana;literatura columbiana
Dezvoltare Personala;dezvoltare personala
Literatura australiana;literatura australiana
Audiobook;audiobook
Literatura italiana;literatura italiana
Carti;carti
Literatura finlandeza;literatura finlandeza
Maghiara;maghiara
Practic;practic
Meditative Arts;meditative arts
Vise;vise
Benzi Desenate;benzi desenate
Psihologia relatiilor. Psihologia cuplului;psihologia relatiilor psihologia cuplului
Legislatie Rutiera;legislatie rutiera
Semne De Carte;semne de carte
Romane SF;romane sf
Afaceri;afaceri
Beletristica;beletristica
Carti cu jucarie;carti cu jucarie
Carti cu sunete;carti cu sunete
Industrie Alimentara;industrie alimentara
Cresterea Copilului;cresterea copilului
Literatura coreeana;literatura coreeana
Albumul Bebe;albumul bebe
Carti bilingve;carti bilingve
Romane distopice;romane distopice
Literatura norvegiana;literatura norvegiana
Literatura daneza;literatura daneza
Accepta-te;acceptate
Literatura argentiniana;literatura argentiniana
Literatura israeliana;literatura israeliana
Auto-Moto;automoto
Vinil;vinil
Roman Grafic;roman grafic
Literatura olandeza;literatura olandeza
Puzzle;puzzle
Medicina Veterinara;medicina veterinara
Romane mitologice;romane mitologice
Farmacie;farmacie
Literatura suedeza;literatura suedeza
Stiinte Politice;stiinte politice
Biografii Memorii Jurnale;biografii memorii jurnale
Gradinita;gradinita
Etnologie;etnologie
Literatura islandeza;literatura islandeza
Burse Asigurari;burse asigurari
Despre Holocaust;despre holocaust
Manuale Clasa 3;manuale clasa 3
Literatura indiana;literatura indiana
Literatura chineza;literatura chineza
Literatura braziliana;literatura braziliana
Manuale Clasa 6;manuale clasa 6
Didactica;didactica
Agende;agende
Literatura greaca;literatura greaca
Trauma si Vindecare;trauma si vindecare
Literatura elvetiana;literatura elvetiana
Penal;penal
Stiinta&Filosofie;stiintafilosofie
Civil;civil
Coduri;coduri
Manuale Clasa 7;manuale clasa 7
Literatura araba;literatura araba
Literatura maghiara;literatura maghiara
10-14 éveseknek;1014 eveseknek
Regények;regenyek
Ifjúsági ism. terjesztő;ifjusagi ism terjeszto
7-10 éveseknek;710 eveseknek
Orvosi;orvosi
Gyermek- és ifjúsági;gyermek es ifjusagi
Pénz, befektetés, üzlet;penz befektetes uzlet
14 éves kor felett;14 eves kor felett
Építészet;epiteszet
Naptár;naptar
Ajándék, utalványok;ajandek utalvanyok
Falinaptár;falinaptar
5-12 évfolyam;512 evfolyam
Növény és kert;noveny es kert
Medizin, Pharmazie;medizin pharmazie
Schule und Lernen;schule und lernen
Politikwissenschaft, Soziologie;politikwissenschaft soziologie
Fahrzeuge, Flugzeuge, Schiffe;fahrzeuge flugzeuge schiffe
Erziehung, Bildung, Unterricht;erziehung bildung unterricht
Belletristik;belletristik
Wirtschaft;wirtschaft
Esoterik, Anthroposophie;esoterik anthroposophie
Alkalmazott közgazdaságtan;alkalmazott kozgazdasagtan
Iparművészet;iparmuveszet
Klasszikus zene;klasszikus zene
Kisállatok;kisallatok
Szótár, nyelvkönyv;szotar nyelvkonyv
Fotó;foto
Hobbi, szabadidő;hobbi szabadido
Külföldi városok;kulfoldi varosok
Rendelésre készülő könyvek;rendelesre keszulo konyvek
Továbbtanulás;tovabbtanulas
Magyar festészet;magyar festeszet
CD, CD-ROM;cd cdrom
Oktató CD, DVD, Kazetta;oktato cd dvd kazetta
Romane;romane
Ratgeber;ratgeber
Sprachwissenschaft;sprachwissenschaft
Nachschlagewerke;nachschlagewerke
Essen und Trinken;essen und trinken
Technik;technik
Literaturwissenschaft;literaturwissenschaft
Psychologie;psychologie
École et Apprentissage;ecole et apprentissage
Novels;novels
Schule und Lernen, Schulbücher;schule und lernen schulbucher
Engineering;engineering
School and Learning;school and learning
Mathematik;mathematik
Escuela y Aprender;escuela y aprender
Cooking, Food, Drink;cooking food drink
Geisteswissenschaften, Kunst, Musik;geisteswissenschaften kunst musik
Medienwissenschaften;medienwissenschaften
Romans;romans
Política, Sociedad, Trabajo;politica sociedad trabajo
Recht;recht
Mathematics, Science, Engineering;mathematics science engineering
Artes;artes
Droit;droit
Physik, Astronomie;physik astronomie
Education Science;education science
Media and Communication;media and communication
Informatik, EDV;informatik edv
Linguistics;linguistics
Mathematik, Naturwissenschaften, Technik, Medizin;mathematik naturwissenschaften technik medizin
Geowissenschaften;geowissenschaften
Cartes et Plans;cartes et plans
Maps;maps
Theology, Religion;theology religion
Loisirs Créatifs, Nature;loisirs creatifs nature
Sozialwissenschaften, Recht, Wirtschaft;sozialwissenschaften recht wirtschaft
Esoteric, Anthroposophy;esoteric anthroposophy
Novelas;novelas
Biology;biology
Philosophy;philosophy
Idegen nyelvű;idegen nyelvu
Pocket Books;pocket books
Médicine, Pharmacie;medicine pharmacie
Derecho;derecho
Health, Hygiene;health hygiene
Éducation;education
Psychology;psychology
Estudios literarios;estudios literarios
Guidebooks, Self-help;guidebooks selfhelp
Law;law
Beaux Livres;beaux livres
Jeunesse;jeunesse
Chemie;chemie
Economía;economia
Reiseführer;reisefuhrer
Guías generales;guias generales
Ingénierie;ingenierie
Guides Sports;guides sports
Hörbücher;horbucher
Literary Studies;literary studies
Guías, Self-help;guias selfhelp
Mathematik, Naturwissenschaften, Technik;mathematik naturwissenschaften technik
Teología, Religión;teologia religion
Théologie, Religion;theologie religion
Illustrated Books;illustrated books
Tourisme et Voyages;tourisme et voyages
Ciencia de educación;ciencia de educacion
Earth Sciences;earth sciences
Libros de bolsillo;libros de bolsillo
Travel Guides - Sports;travel guides  sports
Mapas;mapas
Humanités;humanites
Économie;economie
Völkerkunde, Volkskunde;volkerkunde volkskunde
Sachbuch, Ratgeber;sachbuch ratgeber
Travel;travel
Santé et Bien-Étre;sante et bienetre
Vehicles, Airplanes, Ships;vehicles airplanes ships
Ciencias sociales, Derecho, Economía;ciencias sociales derecho economia
Mathematiques;mathematiques
Música;musica
Medicina, Farmacia;medicina farmacia
Olasz zsebkönyvek;olasz zsebkonyvek
Guide, Entraide;guide entraide
Non-Fictionelle;nonfictionelle
Lingüística;linguistica
Química;quimica
Cocción, comida, bebida;coccion comida bebida
Linguistique;linguistique
Esotericismo, Antroposofía;esotericismo antroposofia
Philosopie;philosopie
Historia;historia
Kéttannyelvű;kettannyelvu
Politique, Société, Travail;politique societe travail
Műszaki;muszaki
Antikvár könyv;antikvar konyv
Külföldi országok;kulfoldi orszagok
Ethnology;ethnology
Cuisine et Vins;cuisine et vins
Kotta;kotta
Gyógypedagógia;gyogypedagogia
Egyéb idegen nyelvű;egyeb idegen nyelvu
Utazás;utazas
Otthon, lakberendezés;otthon lakberendezes
Nemzetiségi oktatás;nemzetisegi oktatas
Kamarazene;kamarazene
Szakkönyv;szakkonyv
Könyv;konyv
Üzleti élet, karrier;uzleti elet karrier
E-hangoskönyv;ehangoskonyv
Gyerek és ifjúsági;gyerek es ifjusagi
Klasszikus és művészfilm;klasszikus es muveszfilm
TV-sorozat;tvsorozat
Thriller és Horror;thriller es horror
Krimi és gengszter;krimi es gengszter
Vígjáték;vigjatek
Életmód;eletmod
Történelmi és vallási;tortenelmi es vallasi
Blu-ray;bluray
DVD;dvd
Doku és ismeretterjesztő;doku es ismeretterjeszto
Kosztümös és kaland;kosztumos es kaland
Zene és musical;zene es musical
Dokumentum filmek;dokumentum filmek
Akciófilm;akciofilm
Film;film
Sci-fi és fantasy;scifi es fantasy
Művészfilmek;muveszfilmek
Ajándékok könyvekhez;ajandekok konyvekhez
Irodalmi adaptáció;irodalmi adaptacio
Képregény adaptációk;kepregeny adaptaciok
Western;western
Történelmi Magyarország;tortenelmi magyarorszag
Motívumok;motivumok
Hangoskönyv (CD);hangoskonyv cd
Raftul FestivalYA;raftul festivalya
Raftul cărţilor premiate;raftul cartilor premiate
Interpretări ale realității;interpretari ale realitatii
Raftul Brand Minds 2022;raftul brand minds 2022
Raftul AudioTribe;raftul audiotribe
Raftul One World ediția a 17-a;raftul one world editia a 17a
MM Publications;mm publications
De citit;de citit
Raftul FILIT 2024;raftul filit 2024
Mihai Mănescu;mihai manescu
Kilipir Nemira -50%;kilipir nemira 50
Scolaresti;scolaresti
Scena9;scena9
Astra Film Festival 2024;astra film festival 2024
Raftul cu prețuri super prietenoase - Non-ficțiune;raftul cu preturi super prietenoase  nonfictiune
Carti la preturi speciale;carti la preturi speciale
Raftul traducatorului - Bogdan Ghiu;raftul traducatorului  bogdan ghiu
Raftul BookTok 2024;raftul booktok 2024
Creat cu incredere in Romania;creat cu incredere in romania
Raftul literaturii nordice;raftul literaturii nordice
Dictionare ale limbii romane;dictionare ale limbii romane
Raftul cu prețuri super prietenoase - Ficțiune;raftul cu preturi super prietenoase  fictiune
Top produse 2024 - Carte străină;top produse 2024  carte straina
Despre alegeri în limba română;despre alegeri in limba romana
Ana Barton;ana barton
Raftul Cărturino 2024;raftul carturino 2024
Cătălin Dorian Florescu;catalin dorian florescu
TM2023 - Shine your light!;tm2023  shine your light
Lecturi;lecturi
Raftul Unfinished 2024;raftul unfinished 2024
Raftul SHORT;raftul short
Carte românească;carte romaneasca
Ciclul gimnazial;ciclul gimnazial
Raftul Street Delivery;raftul street delivery
Top produse 2024 - Carte românească;top produse 2024  carte romaneasca
Clasa a IV-a - Limba si literatura romana;clasa a iva  limba si literatura romana
Ion Pop;ion pop
Raftul Festivalului internațional de literatură de la Odesa;raftul festivalului international de literatura de la odesa
Raftul One World ediția a 14-a;raftul one world editia a 14a
World Music;world music
Concurs Enescu;concurs enescu
Lia Faur;lia faur
Andrei Pleșu;andrei plesu
Raftul FNT 2023;raftul fnt 2023
Greenpeace pentru copii;greenpeace pentru copii
Planificare regionala si urbana;planificare regionala si urbana
Autori români;autori romani
Raftul cu prețuri super prietenoase - Pentru copii și adolescenți;raftul cu preturi super prietenoase  pentru copii si adolescenti
Raftul EURO 2024;raftul euro 2024
Raftul traducatorului - Tudora Sandru Mehedinti;raftul traducatorului  tudora sandru mehedinti
Veronica D. Niculescu;veronica d niculescu
Carte, substantiv feminin;carte substantiv feminin
Teodor Dună;teodor duna
Radu Vancu;radu vancu
Recomandări Alina Mărculescu Matiș;recomandari alina marculescu matis
Călin Torsan;calin torsan
Câștigătorii ediției a 3-a a Burselor;castigatorii editiei a 3a a burselor
Iulian Tănase;iulian tanase
Câștigătorii ediției a 5-a a Burselor și Rezidențelor Cărturești;castigatorii editiei a 5a a burselor si rezidentelor carturesti
Greenpeace climate fiction;greenpeace climate fiction
Liliana Corobca;liliana corobca
Casa de Pariuri Literare -40%;casa de pariuri literare 40
Art fiction;art fiction
Raftul traducatorului - Simina Popa;raftul traducatorului  simina popa
Raftul Zest Podcast;raftul zest podcast
Raftul Ascendis;raftul ascendis
Săptămâna PSI 2024;saptamana psi 2024
Clasa a XII-a - Economie;clasa a xiia  economie
Gradinita - Consiliere si dezvoltare personala;gradinita  consiliere si dezvoltare personala
Strategie;strategie
Ciclul prescolar;ciclul prescolar
Doina Ruşti;doina rusti
Corp. Cunoaștere. Conexiuni. Ediția a doua;corp cunoastere conexiuni editia a doua
Raftul Films in frame;raftul films in frame
Recomandări Sorin Ioniță;recomandari sorin ionita
Iarmaroc Zen - Carte;iarmaroc zen  carte
Despre gen;despre gen
Art safari for kids;art safari for kids
Gradinita - Matematica;gradinita  matematica
Climate Change Summit 2024;climate change summit 2024
Florina Ilis;florina ilis
Ana Rotea;ana rotea
Raftul One World ediția a 13-a;raftul one world editia a 13a
Pentru părinți și profesori;pentru parinti si profesori
Made by Carturesti;made by carturesti
Florin Chirculescu;florin chirculescu
Ion Vianu;ion vianu
Pentru copii;pentru copii
Constantin Abăluţă;constantin abaluta
Greenpeace non-fiction;greenpeace nonfiction
Gabriela Adamesteanu;gabriela adamesteanu
Alina Purcaru;alina purcaru
Nichita Danilov;nichita danilov
Raftul De Basm;raftul de basm
Raftul Brand Minds 2024;raftul brand minds 2024
Raftul Teach for Romania;raftul teach for romania
Mihai Buzea;mihai buzea
Vlad Zografi;vlad zografi
Robert Șerban;robert serban
Despre religii;despre religii
Raftul Brand Minds 2023;raftul brand minds 2023
Karda Zenko;karda zenko
Raft Conflict Israel Hamas;raft conflict israel hamas
Mihai Radu;mihai radu
Ofelia Prodan;ofelia prodan
Raftul traducatorului - Dinu Flamand;raftul traducatorului  dinu flamand
Șerban Foarță;serban foarta
Raftul Z9Festival 2024;raftul z9festival 2024
Diana Geacăr;diana geacar
Ion Mureșan;ion muresan
Raftul traducatorului - Mariana Barbulescu;raftul traducatorului  mariana barbulescu
Clasa a XI-a - Biologie;clasa a xia  biologie
Gradinita - Limba engleza;gradinita  limba engleza
Gradinita - Limba si literatura romana;gradinita  limba si literatura romana
Câștigătorii primelor 2 ediții ale Burselor;castigatorii primelor 2 editii ale burselor
Despre rasă;despre rasa
Raftul traducatorului - Vlad Pojoga;raftul traducatorului  vlad pojoga
Ciclul primar;ciclul primar
Clasa I - Limba si literatura romana;clasa i  limba si literatura romana
LGBTQ+;lgbtq
Flavius Ardelean;flavius ardelean
Liliana Nechita;liliana nechita
You Better Stop: statie pentru dragostea de sine;you better stop statie pentru dragostea de sine
Cultura urbana si traditionala;cultura urbana si traditionala
Ciclul liceal;ciclul liceal
Ruxandra Cesereanu;ruxandra cesereanu
Raftul Premiilor Observator Cultural - Editia 2022;raftul premiilor observator cultural  editia 2022
Raftul traducatorului - Smaranda Bratu Elian;raftul traducatorului  smaranda bratu elian
Tudor Ganea;tudor ganea
Ivona Berceanu;ivona berceanu
Recomandări Răzvan Petri și Vlad Adamescu (Politică la minut);recomandari razvan petri si vlad adamescu politica la minut
Recomandări Teodora Munteanu;recomandari teodora munteanu
Andrei Ruse;andrei ruse
Alex Donovici;alex donovici
Nora Iuga;nora iuga
Ana-Maria Negrilă;anamaria negrila
Sabina Fati;sabina fati
Intuitive reader;intuitive reader
Clasa a IX-a - Matematica;clasa a ixa  matematica
Clasa a II-a - Limba engleza;clasa a iia  limba engleza
Daniela Luca;daniela luca
Octavian Soviany;octavian soviany
Clasa pregatitoare - Limba si literatura romana;clasa pregatitoare  limba si literatura romana
Dan Sociu;dan sociu
Tatiana Niculescu;tatiana niculescu
Razvan Tupa;razvan tupa
Pentru sarbatori;pentru sarbatori
Raftul FITS 2024;raftul fits 2024
Angela Marcovici;angela marcovici
Raftul traducatorului - Luana Schidu;raftul traducatorului  luana schidu
Lavinia Braniste;lavinia braniste
Reader to Writer;reader to writer
Cărți despre minte și corp: recomandările lui Vlad Mixich;carti despre minte si corp recomandarile lui vlad mixich
Mihaela Coșescu;mihaela cosescu
Clasa a XII-a - Informatica si TIC;clasa a xiia  informatica si tic
Raftul Premiilor Observator Cultural - Editia 2024;raftul premiilor observator cultural  editia 2024
Clasa a V-a - Limba si literatura romana;clasa a va  limba si literatura romana
Andreea Nanu;andreea nanu
Luminita Mihai Cioaba;luminita mihai cioaba
Recomandări Elena Stancu;recomandari elena stancu
Szabo Eniko;szabo eniko
Cărți recomandate de Anca Nedelcu;carti recomandate de anca nedelcu
Clasa a V-a - Geografie;clasa a va  geografie
Andrei Oișteanu;andrei oisteanu
Ana Blandiana;ana blandiana
Mircea Mihăieș;mircea mihaies
Norman Manea;norman manea
Alegeri în literatură;alegeri in literatura
Alex Moldovan;alex moldovan
Adina Popescu;adina popescu
Light novel;light novel
Raftul Premiilor Observator Cultural - Editia 2021;raftul premiilor observator cultural  editia 2021
Mihail Vakulovski;mihail vakulovski
Cristina Ispas;cristina ispas
Pentru copii, adolescenti - in limba romana;pentru copii adolescenti  in limba romana
Bogdan‑Alexandru Stănescu;bogdanalexandru stanescu
Raftul traducatorului - Antoaneta Olteanu;raftul traducatorului  antoaneta olteanu
Clasa a III-a - Matematica;clasa a iiia  matematica
Dictionare limbi straine;dictionare limbi straine
Simona Preda;simona preda
Raftul Funky Citizens;raftul funky citizens
Raftul traducatorului - Iulia Gorzo;raftul traducatorului  iulia gorzo
Raftul Filmului Francez;raftul filmului francez
Cosmin Perța;cosmin perta
Florin Bican;florin bican
Ciprian Macesaru;ciprian macesaru
FOCUS;focus
Despre persoane defavorizate;despre persoane defavorizate
Autori străini;autori straini
Vasile Ernu;vasile ernu
Cornel George Popa;cornel george popa
Clasa a IV-a - Limba engleza;clasa a iva  limba engleza
Accesorii fun;accesorii fun
Clasa a V-a - Educatie tehnologica;clasa a va  educatie tehnologica
Jucarii ECO;jucarii eco
Marin Mălaicu-Hondrari;marin malaicuhondrari
Clasa a VII-a - Chimie;clasa a viia  chimie
Black Cat Publishing;black cat publishing
Revista romana de comunicare si relatii publice;revista romana de comunicare si relatii publice
Raftul traducatorului - Cristian Fulas;raftul traducatorului  cristian fulas
Clasa a XII-a - Matematica;clasa a xiia  matematica
Raftul traducatorului - Ovio Olaru;raftul traducatorului  ovio olaru
Cursuri limbi straine;cursuri limbi straine
Mircea Cartarescu;mircea cartarescu
Radu Paraschivescu;radu paraschivescu
Alex Tocilescu;alex tocilescu
Raftul traducatorului - Marin Malaicu-Hondrari;raftul traducatorului  marin malaicuhondrari
Andrei Dosa;andrei dosa
Petronela Rotar;petronela rotar
Andrei Șerban;andrei serban
Decoder;decoder
Raftul traducatorului - George Volceanov;raftul traducatorului  george volceanov
Petru Cimpoeșu;petru cimpoesu
Ciclul gimnazial - Manuale si auxiliare;ciclul gimnazial  manuale si auxiliare
Dan Lungu;dan lungu
Auxiliare - Gradinita;auxiliare  gradinita
Raftul scriitorilor basarabeni;raftul scriitorilor basarabeni
Carti postale;carti postale
Andreea Răsuceanu;andreea rasuceanu
Monica Pillat;monica pillat
Pictura si desen;pictura si desen
Matei Visniec;matei visniec
Horia-Roman Patapievici;horiaroman patapievici
Clasa a XII-a - Consiliere si dezvoltare personala;clasa a xiia  consiliere si dezvoltare personala
Carti romantice; carti romantice
psihanaliza; psihanaliza
Romane SF; romane sf
Literatura Universala; literatura universala
enciclopedii copii; enciclopedii copii
Civilizatii; civilizatii
Joc; joc
basme; basme
Fabule; fabule
Matematica; matematica
Ingineri; ingineri
Engleza; engleza
Chiromantie; chiromantie
Literatura franceza; literatura franceza
Dezvoltare Personala; dezvoltare personala
Carti copii in limbi straine; carti copii in limbi straine
Romane de dragoste; romane de dragoste
Practic Pentru Copii; practic pentru copii
Schite; schite
Literatura Romana; literatura romana
Partituri Muzicale; partituri muzicale
Young Adult; young adult
Psihologia relatiilor. Psihologia cuplului; psihologia relatiilor psihologia cuplului
Carti bilingve; carti bilingve
Atlase Enciclopedii; atlase enciclopedii
Literatura engleza; literatura engleza
Literatura clasica; literatura clasica
Literatura germana; literatura germana
Povesti; povesti
Sociologie; sociologie
Culegeri Auxiliare; culegeri auxiliare
Germana; germana
Carti politiste; carti politiste
Literatura portugheza; literatura portugheza
Literatura americana; literatura americana
Limbi Straine Copii; limbi straine copii
Carti de colorat; carti de colorat
Poezie; poezie
SF & Fantasy; sf  fantasy
Literatura suedeza; literatura suedeza
Carti horror; carti horror
Nuvele; nuvele
Poezii; poezii
Diverse; diverse
Romane istorice; romane istorice
Psihologie Practica; psihologie practica
Dezvoltare Spirituala; dezvoltare spirituala
Psihologie; psihologie
Literatura Fantasy; literatura fantasy
Istorie Universala; istorie universala
Literatura austriaca; literatura austriaca
Literatura italiana; literatura italiana
Romane inspirate de Holocaust; romane inspirate de holocaust
Literatura contemporana; literatura contemporana
Lifestyle; lifestyle
Literatura rusa; literatura rusa
Carte Prescolara; carte prescolara
Legislatie; legislatie
Carte Ortodoxa; carte ortodoxa
Literatura spaniola; literatura spaniola
Carti de aventura; carti de aventura
Carti thriller; carti thriller
Reviste; reviste
Literatura braziliana; literatura braziliana
Literatura argentiniana; literatura argentiniana
Pedagogie Metodica; pedagogie metodica
Romane Fantasy; romane fantasy
Literatura ceha; literatura ceha
Carti pentru adolescenti; carti pentru adolescenti
Despre Holocaust; despre holocaust
Carti Pentru Copii; carti pentru copii
Literatura australiana; literatura australiana
Beletristica Limbi Straine; beletristica limbi straine
Litere Filologie; litere filologie
Literatura canadiana; literatura canadiana
Romane gotice; romane gotice
Biografii; biografii
Agende; agende
Carti cu abtibilduri; carti cu abtibilduri
Carti In Dar; carti in dar
Teatru; teatru
Romane distopice; romane distopice
Istoria Romanilor; istoria romanilor
Carti educative; carti educative
Desen Muzica Film Teatru; desen muzica film teatru
Trauma si Vindecare; trauma si vindecare
Literatura columbiana; literatura columbiana
Carti cu CD; carti cu cd
Clasa Pregatitoare; clasa pregatitoare
Educatie Psihologie; educatie psihologie
Audiobook; audiobook
Carti; carti
Literatura japoneza; literatura japoneza
materiale Montessori; materiale montessori
Literatura turca; literatura turca
Caiete de Vacanta; caiete de vacanta
Carti cu activitati; carti cu activitati
Literatura elvetiana; literatura elvetiana
Arta; arta
Memorii Jurnal; memorii jurnal
Meditative Arts; meditative arts
Publicistica; publicistica
Politica; politica
Franceza; franceza
Calendare; calendare
Literatura chiliana; literatura chiliana
Accepta-te; acceptate
Gradi; gradi
Literatura norvegiana; literatura norvegiana
Handicrafts; handicrafts
Afaceri; afaceri
Ghid Turistic; ghid turistic
iubeste-te; iubestete
Carti cu sunete; carti cu sunete
Romane Nordic Noir; romane nordic noir
Atlase; atlase
Literatura poloneza; literatura poloneza
Vise; vise
Carti cu jucarie; carti cu jucarie
Carte Juridica; carte juridica
Fictiune; fictiune
Cultura Generala; cultura generala
Carti 3D; carti 3d
Crestinism; crestinism
Sexualitate; sexualitate
Roman Grafic; roman grafic
Romane mitologice; romane mitologice
Istorie; istorie
Dezvoltarea Afacerilor; dezvoltarea afacerilor
Sarcina; sarcina
Enciclopedii; enciclopedii
Inteligenta emotionala; inteligenta emotionala
Dezvoltare Profesionala; dezvoltare profesionala
Hardware; hardware
Biografii Memorii Jurnale; biografii memorii jurnale
Arhitectura; arhitectura
Romane mitologice si istorice; romane mitologice si istorice
Romane Cyberpunk; romane cyberpunk
Literatura indiana; literatura indiana
Benzi Desenate; benzi desenate
Medicina Veterinara; medicina veterinara
Litere Critica Literara; litere critica literara
Filosofie Universala; filosofie universala
Management; management
Frumusete; frumusete
Literatura chineza; literatura chineza
Eseistica; eseistica
Literatura coreeana; literatura coreeana
Civilizatii Mitologie; civilizatii mitologie
Bucatarie; bucatarie
Spiritualitate; spiritualitate
Foclor; foclor
Filosofie Romaneasca; filosofie romaneasca
Comunicare Publicitate; comunicare publicitate
Comunicare Jurnalism; comunicare jurnalism
Religii Orientale; religii orientale
Filologie; filologie
Umor; umor
Terapii Alternative; terapii alternative
Alimentatie Sanatate; alimentatie sanatate
Genetica Biologie; genetica biologie
Literatura finlandeza; literatura finlandeza
Literatura daneza; literatura daneza
Stiinta si filosofie; stiinta si filosofie
Medicina; medicina
Manga; manga
Beletristica; beletristica
Legislatie Rutiera; legislatie rutiera
Pedagogie; pedagogie
Diete; diete
Jurnale; jurnale
Literatura araba; literatura araba
Literatura islandeza; literatura islandeza
Arheologie; arheologie
Geologie; geologie
Spiritualitate Ezoterism; spiritualitate ezoterism
Literatura israeliana; literatura israeliana
Coduri; coduri
Civil; civil
Software; software
Penal; penal
Literatura maghiara; literatura maghiara
Comunicare; comunicare
Literatura greaca; literatura greaca
Vers;vers
Kert és lakás;kert es lakas
Deutsche Bücher;deutsche bucher
Livres francais;livres francais
English books;english books
Audio books;audio books
Orosz könyvek;orosz konyvek
Taschenbücher;taschenbucher
Libros en español;libros en espanol
Orosz hangoskönyvek;orosz hangoskonyvek
Olasz könyvek;olasz konyvek
Audiolibros;audiolibros
Humanidades;humanidades
Sciences Humaines, Droit, Économie;sciences humaines droit economie
Livres audio;livres audio
Livre de poche;livre de poche
e-könyv;ekonyv
Mathematiques, Science, Ingénierie;mathematiques science ingenierie
Orosz zsebkönyvek;orosz zsebkonyvek
Viaje;viaje
Non-Ficción;nonficcion
Calendar;calendar
Matemáticas, Ciencia, Ingeniería;matematicas ciencia ingenieria
Olasz hangoskönyvek;olasz hangoskonyvek
Kalender;kalender
Hangoskönyv;hangoskonyv
Háború;haboru
Régi képeslap;regi kepeslap
Raftul the Vast & the curious;raftul the vast  the curious
Produse la preturi speciale;produse la preturi speciale
Raftul de debut;raftul de debut
Mariana Codrut;mariana codrut
Recomandări de lectură de la scriitoare și cititoare;recomandari de lectura de la scriitoare si cititoare
Irina Marinescu Bergmann;irina marinescu bergmann
Gradinita - Educatie pentru sanatate;gradinita  educatie pentru sanatate
Ciclul prescolar - Auxiliare;ciclul prescolar  auxiliare
Clasa a IV-a - Matematica;clasa a iva  matematica
Michio Kaku & The Future of Humanity;michio kaku  the future of humanity
Despre drepturi și libertăți;despre drepturi si libertati
Raftul Premiilor Observator Cultural - Editia 2020;raftul premiilor observator cultural  editia 2020
Cărți;carti
Raftul Goncourt 2024;raftul goncourt 2024
Alina Nelega;alina nelega
Andreea Niță;andreea nita
Georgiana Bozîntan;georgiana bozintan
Ciclul gimnazial - Bibliografie scolara;ciclul gimnazial  bibliografie scolara
Clasa a XII-a - Biologie;clasa a xiia  biologie
Sînziana Popescu;sinziana popescu
Ruxandra Burcescu;ruxandra burcescu
Alexandru N. Stermin;alexandru n stermin
Ciclul primar - Cursuri limbi straine;ciclul primar  cursuri limbi straine
Aurora Liiceanu;aurora liiceanu
Clasa pregatitoare - Muzica si miscare;clasa pregatitoare  muzica si miscare
Ciclul liceal - Manuale si auxiliare;ciclul liceal  manuale si auxiliare
Antoaneta Olteanu;antoaneta olteanu
Haine & accesorii - ROD;haine  accesorii  rod
Cărțile invitatelor la evenimentele din librării;cartile invitatelor la evenimentele din librarii
Radu Sergiu Ruba;radu sergiu ruba
Clasa a X-a - Matematica;clasa a xa  matematica
Raftul Premiilor Sofia Nădejde - Proza debut 2022;raftul premiilor sofia nadejde  proza debut 2022
Bogdan Răileanu;bogdan raileanu
Ana Maria Sandu;ana maria sandu
Clasa a III-a - Limba engleza;clasa a iiia  limba engleza
Clasa pregatitoare - Limba engleza;clasa pregatitoare  limba engleza
Cristina Nemerovschi;cristina nemerovschi
Simona Popescu;simona popescu
Recomandare;recomandare
Ciclul liceal - Bibliografie scolara;ciclul liceal  bibliografie scolara
Clasa pregatitoare - Matematica;clasa pregatitoare  matematica
Recomandări Dan Tapalagă;recomandari dan tapalaga
Simona Antonescu;simona antonescu
Andrei Craciun;andrei craciun
Bogdan Cosa;bogdan cosa
Lavinia Bălulescu;lavinia balulescu
Ioan Es. Pop;ioan es pop
Clasa a III-a - Stiinte ale naturii;clasa a iiia  stiinte ale naturii
Chris Simion;chris simion
Dearly Dani's Favorites;dearly danis favorites
Camelia Cavadia;camelia cavadia
Manga;manga
Accesorii pentru birou;accesorii pentru birou
Vintila Mihailescu;vintila mihailescu
Petre Barbu;petre barbu
Florin Iaru;florin iaru
Clasa a VIII-a - Chimie;clasa a viiia  chimie
Recomandări Elena Calistru (Funky Citizens);recomandari elena calistru funky citizens
Clasa a VIII-a - Limba engleza;clasa a viiia  limba engleza
Raftul traducatorului - Andrei Cornea;raftul traducatorului  andrei cornea
Recomandări Magda Grădinaru;recomandari magda gradinaru
Ștefan Bolea;stefan bolea
Augustin Cupșa;augustin cupsa
Carmen Tiderle;carmen tiderle
Safari;safari
mom&bebe;mombebe
Summer Madness;summer madness
Clasa a VII-a - Fizica;clasa a viia  fizica
Clasa a IV-a - Istorie;clasa a iva  istorie
Ioana Chicet-Macoveiciuc;ioana chicetmacoveiciuc
Luminița Alexandru;luminita alexandru
Autori invitați;autori invitati
Clasa a XI-a - Consiliere si dezvoltare personala;clasa a xia  consiliere si dezvoltare personala
Clasa a VI-a - Limba engleza;clasa a via  limba engleza
logica; logica
legende; legende
Fizica; fizica
Povestiri; povestiri
Art forms; art forms
Geografie Topografie; geografie topografie
Educative; educative
Relatii Internationale; relatii internationale
Medicina Pentru Toti; medicina pentru toti
Carti de joc educative; carti de joc educative
Istorii Secrete; istorii secrete
Critica; critica
Astrologie; astrologie
Carti erotice; carti erotice
Cresterea Copilului; cresterea copilului
English;english
Ciclul primar - Bibliografie scolara;ciclul primar  bibliografie scolara
Iulia Dromereschi;iulia dromereschi
Ciclul gimnazial - Cursuri limbi straine;ciclul gimnazial  cursuri limbi straine
Ciclul primar - Manuale si auxiliare;ciclul primar  manuale si auxiliare
Slow Holiday;slow holiday
10 years BTS;10 years bts
Diana Bădica;diana badica
Clasa a XI-a - Matematica;clasa a xia  matematica
Adina Rosetti;adina rosetti
YA;ya
Clasa pregatitoare - Stiinte ale naturii;clasa pregatitoare  stiinte ale naturii
Clasa a VII-a - Geografie;clasa a viia  geografie
Ștefania Mihalache;stefania mihalache
Ioana Nicolaie;ioana nicolaie
Laura Pamfiloiu;laura pamfiloiu
Carte si film;carte si film
Victoria Patrascu;victoria patrascu
Marius Chivu;marius chivu
Clasa I - Limba germana;clasa i  limba germana
Ciclul liceal - Cursuri limbi straine;ciclul liceal  cursuri limbi straine
lets start again;lets start again
Clasa a VI-a - Limba si literatura romana;clasa a via  limba si literatura romana
Clasa a X-a - Consiliere si dezvoltare personala;clasa a xa  consiliere si dezvoltare personala
Clasa a IV-a - Stiinte ale naturii;clasa a iva  stiinte ale naturii
Chimie; chimie
treatments & subjects; treatments  subjects
